<?xml version="1.0" encoding="UTF-8"?>
<html><head><style id="xml-viewer-style">/*
 * Copyright (C) 2011 Google Inc. All rights reserved.
 *
 * Redistribution and use in source and binary forms, with or without
 * modification, are permitted provided that the following conditions are
 * met:
 *
 * 1. Redistributions of source code must retain the above copyright
 * notice, this list of conditions and the following disclaimer.
 *
 * 2. Redistributions in binary form must reproduce the above
 * copyright notice, this list of conditions and the following disclaimer
 * in the documentation and/or other materials provided with the
 * distribution.
 *
 * THIS SOFTWARE IS PROVIDED BY GOOGLE INC. AND ITS CONTRIBUTORS
 * âAS ISâ AND ANY EXPRESS OR IMPLIED WARRANTIES, INCLUDING, BUT NOT
 * LIMITED TO, THE IMPLIED WARRANTIES OF MERCHANTABILITY AND FITNESS FOR
 * A PARTICULAR PURPOSE ARE DISCLAIMED. IN NO EVENT SHALL GOOGLE INC.
 * OR ITS CONTRIBUTORS BE LIABLE FOR ANY DIRECT, INDIRECT, INCIDENTAL,
 * SPECIAL, EXEMPLARY, OR CONSEQUENTIAL DAMAGES (INCLUDING, BUT NOT
 * LIMITED TO, PROCUREMENT OF SUBSTITUTE GOODS OR SERVICES; LOSS OF USE,
 * DATA, OR PROFITS; OR BUSINESS INTERRUPTION) HOWEVER CAUSED AND ON ANY
 * THEORY OF LIABILITY, WHETHER IN CONTRACT, STRICT LIABILITY, OR TORT
 * (INCLUDING NEGLIGENCE OR OTHERWISE) ARISING IN ANY WAY OUT OF THE USE
 * OF THIS SOFTWARE, EVEN IF ADVISED OF THE POSSIBILITY OF SUCH DAMAGE.
 */

div.header {
    border-bottom: 2px solid black;
    padding-bottom: 5px;
    margin: 10px;
}

div.collapsible &gt; div.hidden {
    display:none;
}

.pretty-print {
    margin-top: 1em;
    margin-left: 20px;
    font-family: monospace;
    font-size: 13px;
}

#webkit-xml-viewer-source-xml {
    display: none;
}

.collapsible-content {
    margin-left: 1em;
}
.comment {
    white-space: pre;
}

.button {
    -webkit-user-select: none;
    cursor: pointer;
    display: inline-block;
    margin-left: -10px;
    width: 10px;
    background-repeat: no-repeat;
    background-position: left top;
    vertical-align: bottom;
}

.collapse-button {
    background-image: -webkit-canvas(arrowDown);
    height: 10px;
}

.expand-button {
    background-image: -webkit-canvas(arrowRight);
    height: 11px;
}
</style></head><body><div id="webkit-xml-viewer-source-xml"><section id="START">
    <language>en</language>
    <billboard_list type="array">
<billboard id="gen_2013frozen-free-player-pp" src="swf/frozen-free-player-pp?response_type=embed" href="rm=100#/login/" probability="50" />
<billboard id="gen_2013frozen-member-pp" src="swf/frozen-member-pp?response_type=embed" href="rm=100#/login/" probability="50" />
                <billboard id="gen_2012maintenance" src="swf/maintenance-billboard?response_type=embed" href="" probability="0" />
        <billboard id="gen_2011puffle-yellow" src="swf/adopt-yellow-puffle-billboard?response_type=embed" href="rm=310#/login/" probability="0" />
    </billboard_list>
</section></div><div class="header"><span>This XML file does not appear to have any style information associated with it. The document tree is shown below.</span><br /></div><div class="pretty-print"><div class="collapsible" id="collapsible0"><div class="expanded"><div class="line"><span class="button collapse-button" /><span class="webkit-html-tag">&lt;section<span class="webkit-html-attribute"> <span class="webkit-html-attribute-name">id</span>="<span class="webkit-html-attribute-value">START</span>"</span>&gt;</span></div><div class="collapsible-content"><span class="text" /><div class="line"><span class="webkit-html-tag">&lt;language&gt;</span><span class="text">en</span><span class="webkit-html-tag">&lt;/language&gt;</span></div><span class="text" /><div class="collapsible" id="collapsible1"><div class="expanded"><div class="line"><span class="button collapse-button" /><span class="webkit-html-tag">&lt;billboard_list<span class="webkit-html-attribute"> <span class="webkit-html-attribute-name">type</span>="<span class="webkit-html-attribute-value">array</span>"</span>&gt;</span></div><div class="collapsible-content"><span class="text" /><div class="line"><span class="webkit-html-tag">&lt;billboard<span class="webkit-html-attribute"> <span class="webkit-html-attribute-name">id</span>="<span class="webkit-html-attribute-value">gen_2013frozen-free-player-pp</span>"</span><span class="webkit-html-attribute"> <span class="webkit-html-attribute-name">src</span>="<span class="webkit-html-attribute-value">swf/frozen-free-player-pp?response_type=embed</span>"</span><span class="webkit-html-attribute"> <span class="webkit-html-attribute-name">href</span>="<span class="webkit-html-attribute-value">rm=100#/login/</span>"</span><span class="webkit-html-attribute"> <span class="webkit-html-attribute-name">probability</span>="<span class="webkit-html-attribute-value">50</span>"</span>/&gt;</span></div><span class="text" /><div class="line"><span class="webkit-html-tag">&lt;billboard<span class="webkit-html-attribute"> <span class="webkit-html-attribute-name">id</span>="<span class="webkit-html-attribute-value">gen_2013frozen-member-pp</span>"</span><span class="webkit-html-attribute"> <span class="webkit-html-attribute-name">src</span>="<span class="webkit-html-attribute-value">swf/frozen-member-pp?response_type=embed</span>"</span><span class="webkit-html-attribute"> <span class="webkit-html-attribute-name">href</span>="<span class="webkit-html-attribute-value">rm=100#/login/</span>"</span><span class="webkit-html-attribute"> <span class="webkit-html-attribute-name">probability</span>="<span class="webkit-html-attribute-value">50</span>"</span>/&gt;</span></div><span class="text" /><div class="line"><span class="webkit-html-tag">&lt;billboard<span class="webkit-html-attribute"> <span class="webkit-html-attribute-name">id</span>="<span class="webkit-html-attribute-value">gen_2012maintenance</span>"</span><span class="webkit-html-attribute"> <span class="webkit-html-attribute-name">src</span>="<span class="webkit-html-attribute-value">swf/maintenance-billboard?response_type=embed</span>"</span><span class="webkit-html-attribute"> <span class="webkit-html-attribute-name">href</span>="<span class="webkit-html-attribute-value" />"</span><span class="webkit-html-attribute"> <span class="webkit-html-attribute-name">probability</span>="<span class="webkit-html-attribute-value">0</span>"</span>/&gt;</span></div><span class="text" /><div class="line"><span class="webkit-html-tag">&lt;billboard<span class="webkit-html-attribute"> <span class="webkit-html-attribute-name">id</span>="<span class="webkit-html-attribute-value">gen_2011puffle-yellow</span>"</span><span class="webkit-html-attribute"> <span class="webkit-html-attribute-name">src</span>="<span class="webkit-html-attribute-value">swf/adopt-yellow-puffle-billboard?response_type=embed</span>"</span><span class="webkit-html-attribute"> <span class="webkit-html-attribute-name">href</span>="<span class="webkit-html-attribute-value">rm=310#/login/</span>"</span><span class="webkit-html-attribute"> <span class="webkit-html-attribute-name">probability</span>="<span class="webkit-html-attribute-value">0</span>"</span>/&gt;</span></div><span class="text" /></div><div class="line"><span class="webkit-html-tag">&lt;/billboard_list&gt;</span></div></div><div class="collapsed hidden"><div class="line"><span class="button expand-button" /><span class="webkit-html-tag">&lt;billboard_list<span class="webkit-html-attribute"> <span class="webkit-html-attribute-name">type</span>="<span class="webkit-html-attribute-value">array</span>"</span>&gt;</span><span class="text">...</span><span class="webkit-html-tag">&lt;/billboard_list&gt;</span></div></div></div><span class="text" /></div><div class="line"><span class="webkit-html-tag">&lt;/section&gt;</span></div></div><div class="collapsed hidden"><div class="line"><span class="button expand-button" /><span class="webkit-html-tag">&lt;section<span class="webkit-html-attribute"> <span class="webkit-html-attribute-name">id</span>="<span class="webkit-html-attribute-value">START</span>"</span>&gt;</span><span class="text">...</span><span class="webkit-html-tag">&lt;/section&gt;</span></div></div></div></div></body></html>