{
  "paper_items.json": [
    201,
    207,
    207,
    193,
    198,
    201,
    198,
    199,
    191,
    192,
    191,
    194,
    194,
    195,
    198,
    195,
    202,
    193,
    196,
    196,
    188,
    188,
    82
  ],
  "furniture_items.json": [
    166,
    167,
    165,
    167,
    165,
    162,
    166,
    120
  ],
  "puffle_items.json": [
    56,
    54,
    36
  ],
  "game_strings.json": {
    "lang": [
      514,
      590,
      440,
      357,
      348,
      11
    ],
    "error_lang": [
      72
    ]
  },
  "penguin_action_frames.json": {
    "0": [
      1
    ],
    "25": [
      54
    ],
    "26": [
      269,
      266,
      75
    ],
    "129": [
      1
    ]
  },
  "stamps.json": [
    [
      26
    ],
    [
      [
        35
      ],
      [
        0
      ],
      [
        12
      ],
      [
        24
      ],
      [
        0
      ],
      [
        20
      ],
      [
        12
      ],
      [
        10
      ],
      [
        8
      ],
      [
        21
      ],
      [
        8
      ],
      [
        12
      ],
      [
        22
      ],
      [
        10
      ],
      [
        18
      ],
      [
        22
      ],
      [
        10
      ],
      [
        12
      ],
      [
        27
      ],
      [
        11
      ],
      [
        16
      ],
      [
        14
      ],
      [
        9
      ],
      [
        5
      ],
      [
        0
      ],
      [
        14
      ]
    ]
  ],
  "mascot_messages.json": [
    [
      1
    ],
    [
      [
        1
      ]
    ],
    {
      "0,0": [
        18
      ]
    }
  ]
}