{"pattern":["1","2","3","4","5","6","-1"],"clasp":["1","2","3","4","5","6"],"highlight":{"1":"0xF4B851","2":"0x00A981","3":"0x62ACC6","4":"0xA8DA6E","5":"0x7F7F7F","6":"0x008796","7":"0x70552D","8":"0xDB4718","9":"0x223760","10":"0x00BCD2","11":"0x92BD5B","12":"0x964D8B","13":"0x3A404C","14":"0x00A5C1","15":"0x76437B","16":"0x939496","17":"0x8A3D21","18":"0xFFB9C8"},"color_highlight":{"1":["1","2","3"],"2":["4","5","6"],"3":["7","8","9"],"4":["10","11","12"],"5":["13","14","15"],"6":["16","17","18"]},"color_logo":{"1":["1"],"2":["5"],"3":["9"],"4":["13"],"5":["17"],"6":["21"]}}