{"aqua":{"name":"Aqua Grabber","room_id":"916","music_id":"0","stamp_group_id":"13","path":"sub\/bootstrap.swf","is_as3":false,"show_player_in_room":false},"astro":{"name":"Astro Barrier","room_id":"900","music_id":"0","stamp_group_id":"14","path":"astro\/bootstrap.swf","is_as3":false,"show_player_in_room":true},"balloon":{"name":"Balloon Pop","room_id":"942","music_id":"613","stamp_group_id":"0","path":"balloon\/bootstrap.swf","is_as3":false,"show_player_in_room":false},"beans":{"name":"Bean Counters","room_id":"901","music_id":"101","stamp_group_id":"0","path":"beans\/bootstrap.swf","is_as3":false,"show_player_in_room":false},"bell":{"name":"Ring The Bell","room_id":"943","music_id":"614","stamp_group_id":"0","path":"bell\/bootstrap.swf","is_as3":false,"show_player_in_room":false},"bitsandbolts":{"name":"Bits & Bolts","room_id":"956","music_id":"0","stamp_group_id":"0","path":"robots\/BitsNBolts.swf","is_as3":true,"show_player_in_room":true},"book1":{"name":"Paint By Letters","room_id":"917","music_id":"0","stamp_group_id":"0","path":"book1\/bootstrap.swf","is_as3":false,"show_player_in_room":false},"book2":{"name":"Paint By Letters","room_id":"918","music_id":"0","stamp_group_id":"0","path":"book2\/BurntOutBulbs.swf","is_as3":false,"show_player_in_room":false},"book3":{"name":"Paint By Letters","room_id":"919","music_id":"0","stamp_group_id":"0","path":"book3\/LimeGreenDojoClean.swf","is_as3":false,"show_player_in_room":false},"cannon":{"name":"Puffle Launch","room_id":"955","music_id":"0","stamp_group_id":"48","path":"cannon\/cannon.swf","is_as3":false,"show_player_in_room":false},"card":{"name":"Card-Jitsu","room_id":"998","music_id":"116","stamp_group_id":"38","path":"card\/bootstrap.swf","is_as3":false,"show_player_in_room":false},"cart":{"name":"Cart Surfer","room_id":"905","music_id":"105","stamp_group_id":"28","path":"mine\/bootstrap.swf","is_as3":false,"show_player_in_room":false},"dancing":{"name":"Dance Contest","room_id":"952","music_id":"0","stamp_group_id":"0","path":"dancing\/dance.swf","is_as3":false,"show_player_in_room":false},"feed":{"name":"Feed A Puffle","room_id":"944","music_id":"616","stamp_group_id":"0","path":"feed\/bootstrap.swf","is_as3":false,"show_player_in_room":false},"fire":{"name":"Card-Jitsu Fire","room_id":"997","music_id":"118","stamp_group_id":"32","path":"fire\/fire.swf","is_as3":false,"show_player_in_room":false},"firesensei":{"name":"Card-Jitsu Fire","room_id":"953","music_id":"405","stamp_group_id":"0","path":"senseiFire\/bootstrap.swf","is_as3":false,"show_player_in_room":false},"fish":{"name":"Ice Fishing","room_id":"904","music_id":"103","stamp_group_id":"52","path":"fish\/bootstrap.swf","is_as3":false,"show_player_in_room":false},"four":{"name":"Find Four","room_id":"0","music_id":"0","stamp_group_id":"0","path":"four\/FindFour.swf","is_as3":false,"show_player_in_room":false},"hydro":{"name":"Hydro-Hopper","room_id":"903","music_id":"100","stamp_group_id":"0","path":"hydro\/bootstrap.swf","is_as3":false,"show_player_in_room":false},"icejam":{"name":"Challenge","room_id":"960","music_id":"0","stamp_group_id":"0","path":"icejam\/bootstrap.swf","is_as3":false,"show_player_in_room":false},"igloo_card":{"name":"Igloo Card-Jitsu","room_id":"994","music_id":"116","stamp_group_id":"38","path":"card\/bootstrap.swf","is_as3":false,"show_player_in_room":false},"jetpack":{"name":"Jet Pack Adventure","room_id":"906","music_id":"110","stamp_group_id":"11","path":"jetpack\/bootstrap.swf","is_as3":false,"show_player_in_room":false},"mancala":{"name":"Mancala","room_id":"0","music_id":"0","stamp_group_id":"0","path":"mancala\/Mancala.swf","is_as3":false,"show_player_in_room":false},"memory":{"name":"Memory","room_id":"945","music_id":"619","stamp_group_id":"0","path":"memory\/bootstrap.swf","is_as3":false,"show_player_in_room":false},"mission1":{"name":"Case of the Missing Puffles","room_id":"907","music_id":"0","stamp_group_id":"0","path":"quests\/q1\/quest.swf","is_as3":false,"show_player_in_room":false},"mission10":{"name":"Waddle Squad","room_id":"923","music_id":"0","stamp_group_id":"0","path":"quests\/q10\/quest.swf","is_as3":false,"show_player_in_room":false},"mission11":{"name":"Veggie Villian","room_id":"927","music_id":"0","stamp_group_id":"0","path":"quests\/q11\/quest.swf","is_as3":false,"show_player_in_room":false},"mission2":{"name":"G's Secret Mission","room_id":"908","music_id":"0","stamp_group_id":"0","path":"quests\/q2\/quest.swf","is_as3":false,"show_player_in_room":false},"mission3":{"name":"Case of the Missing Coins","room_id":"911","music_id":"0","stamp_group_id":"0","path":"quests\/q3\/quest.swf","is_as3":false,"show_player_in_room":false},"mission4":{"name":"Avalanche Rescue","room_id":"913","music_id":"0","stamp_group_id":"0","path":"quests\/q4\/quest.swf","is_as3":false,"show_player_in_room":false},"mission5":{"name":"Secret of the Fur","room_id":"914","music_id":"0","stamp_group_id":"0","path":"quests\/q5\/quest.swf","is_as3":false,"show_player_in_room":false},"mission6":{"name":"Questions for a Crab","room_id":"915","music_id":"0","stamp_group_id":"0","path":"quests\/q6\/quest.swf","is_as3":false,"show_player_in_room":false},"mission7":{"name":"Clockwork Repairs","room_id":"920","music_id":"0","stamp_group_id":"0","path":"quests\/q7\/quest.swf","is_as3":false,"show_player_in_room":false},"mission8":{"name":"Mysterious Tremors","room_id":"921","music_id":"0","stamp_group_id":"0","path":"quests\/q8\/quest.swf","is_as3":false,"show_player_in_room":false},"mission9":{"name":"Operation: Spy and Seek","room_id":"922","music_id":"0","stamp_group_id":"0","path":"quests\/q9\/quest.swf","is_as3":false,"show_player_in_room":false},"mixmaster":{"name":"DJ3K","room_id":"926","music_id":"0","stamp_group_id":"0","path":"mixmaster\/ChooseSong.swf","is_as3":false,"show_player_in_room":false},"paddle":{"name":"Puffle Paddle","room_id":"946","music_id":"615","stamp_group_id":"0","path":"paddle\/bootstrap.swf","is_as3":false,"show_player_in_room":false},"pizzatron":{"name":"Pizzatron 3000","room_id":"910","music_id":"106","stamp_group_id":"54","path":"pizzatron\/bootstrap.swf","is_as3":false,"show_player_in_room":false},"pufflescape":{"name":"Pufflescape","room_id":"957","music_id":"0","stamp_group_id":"57","path":"pufflescape\/RollerscapeCP_CP.swf","is_as3":true,"show_player_in_room":false},"rescue":{"name":"Puffle Rescue","room_id":"949","music_id":"0","stamp_group_id":"19","path":"rescue\/bootstrap.swf","is_as3":false,"show_player_in_room":false},"roundup":{"name":"Puffle Round-Up","room_id":"902","music_id":"102","stamp_group_id":"0","path":"roundup\/bootstrap.swf","is_as3":false,"show_player_in_room":false},"scornbattle":{"name":"Scorn Battle","room_id":"958","music_id":"0","stamp_group_id":"0","path":"scornbattle\/ScornBattle.swf","is_as3":true,"show_player_in_room":false},"sensei":{"name":"Card-Jitsu","room_id":"951","music_id":"403","stamp_group_id":"0","path":"sensei\/bootstrap.swf","is_as3":false,"show_player_in_room":false},"shuffle":{"name":"Puffle Shuffle","room_id":"947","music_id":"612","stamp_group_id":"0","path":"shuffle\/bootstrap.swf","is_as3":false,"show_player_in_room":false},"sled":{"name":"Sled Racing","room_id":"999","music_id":"117","stamp_group_id":"0","path":"sled\/SledRacer.swf","is_as3":false,"show_player_in_room":false},"smoothie":{"name":"Smoothie","room_id":"959","music_id":"0","stamp_group_id":"58","path":"smoothie\/smoothie.swf","is_as3":true,"show_player_in_room":false},"snow":{"name":"Card-Jitsu Snow","room_id":"996","music_id":"0","stamp_group_id":"60","path":"snow\/snowCP_MP.swf","is_as3":true,"show_player_in_room":false},"soaker":{"name":"Puffle Soaker","room_id":"941","music_id":"617","stamp_group_id":"0","path":"soaker\/bootstrap.swf","is_as3":false,"show_player_in_room":false},"spin":{"name":"Spin The Wheel","room_id":"948","music_id":"618","stamp_group_id":"0","path":"spin\/bootstrap.swf","is_as3":false,"show_player_in_room":false},"spydrills":{"name":"Spy Drills","room_id":"963","music_id":"397","stamp_group_id":"0","path":"spydrills\/spydrills.swf","is_as3":false,"show_player_in_room":true},"systemdefend":{"name":"System Defender","room_id":"950","music_id":"0","stamp_group_id":"46","path":"tower\/main.swf","is_as3":false,"show_player_in_room":true},"thinice":{"name":"Thin Ice","room_id":"909","music_id":"111","stamp_group_id":"16","path":"thinice\/bootstrap.swf","is_as3":false,"show_player_in_room":true},"treasurehunt":{"name":"Treasure Hunt","room_id":"0","music_id":"0","stamp_group_id":"56","path":"treasurehunt\/TreasureHunt.swf","is_as3":false,"show_player_in_room":false},"water":{"name":"Card-Jitsu Water","room_id":"995","music_id":"0","stamp_group_id":"34","path":"water\/water.swf","is_as3":false,"show_player_in_room":false},"watersensei":{"name":"Card-Jitsu Water","room_id":"954","music_id":"406","stamp_group_id":"0","path":"watersensei\/bootstrap.swf","is_as3":false,"show_player_in_room":false},"waves":{"name":"Catchin' Waves","room_id":"912","music_id":"113","stamp_group_id":"15","path":"waves\/bootstrap.swf","is_as3":false,"show_player_in_room":false}}