[{"mascotName":"Gary","mascotActive":true,"mascotScript":[{"category":"Darwin","categoryActive":true,"script":["Darwin is my pet puffle!","He's a blue triceratops puffle","I hatched him from an egg","So far he's very clever","And an attentive pet","Which is important if he's going to be...","My new lab assistant!","I him my lab and gadgets.","I think he likes it!","Well he started chewing wires","and pushing over beakers","I need to ask PH about him","To make sure I'm taking good care of him","Puffles are an unexplored subject for me","I need to research","What do puffles like to eat?","What do puffles like to drink?","Where do you walk your puffle?"]}]}]