{"0":{"title":"GO-KART RACES FOR EVERYONE!","path":"news\/papers\/20140730","issue":"Issue:458","date":"July 30, 2014","key":"current_news"},"1":{"title":"HOW TO WRITE A HIT","path":"news\/papers\/20140723","issue":"Issue:457","date":"July 23, 2014","key":"old_news0"},"2":{"title":"MUSIC CRUISE DOCKS AND ROCKS!","path":"news\/papers\/20140716","issue":"Issue:456","date":"July 16, 2014","key":"old_news1"},"3":{"title":"SOUNDSTUDIO DROPS THE BEAT!","path":"news\/papers\/20140709","issue":"Issue:455","date":"July 09, 2014","key":"old_news2"},"4":{"title":"PENGUIN CUP CHAMPION!","path":"news\/papers\/20140702","issue":"Issue:454","date":"July 02, 2014","key":"old_news3"},"5":{"title":"PENGUIN CUP FINALS!","path":"news\/papers\/20140625","issue":"Issue:453","date":"June 25, 2014","key":"old_news4"},"6":{"title":"PENGUIN CUP OPENER!","path":"news\/papers\/20140618","issue":"Issue:452","date":"June 18, 2014","key":"old_news5"}}