[{"puffle_id":0,"description":"Blue","color":"0x33ccff"},{"puffle_id":1,"description":"Pink","color":"0xffccff"},{"puffle_id":2,"description":"Black","color":"0x666666"},{"puffle_id":3,"description":"Green","color":"0x33cc00"},{"puffle_id":4,"description":"Purple","color":"0xad5fc6"},{"puffle_id":5,"description":"Red","color":"0xee4444"},{"puffle_id":6,"description":"Yellow","color":"0xffff00"},{"puffle_id":7,"description":"White","color":"0xffffee"},{"puffle_id":8,"description":"Orange","color":"0xff9900"},{"puffle_id":9,"description":"Brown","color":"0x72491d"},{"puffle_id":10,"description":"Rainbow","color":"0x000000"},{"puffle_id":11,"description":"Gold","color":"0x000000"}]