{"100":{"room_id":100,"room_key":"town","name":"Town Center","display_name":"Town Center","music_id":581,"is_member":0,"path":"town.swf","max_users":120,"jump_enabled":false,"jump_disabled":true,"required_item":null,"short_name":"Town"},"110":{"room_id":110,"room_key":"coffee","name":"Coffee Shop","display_name":"Coffee Shop","music_id":429,"is_member":0,"path":"coffee.swf","max_users":80,"jump_enabled":false,"jump_disabled":true,"required_item":null,"short_name":"Coffee Shop"},"111":{"room_id":111,"room_key":"book","name":"Book Room","display_name":"Mancala","music_id":669,"is_member":0,"path":"book.swf","max_users":80,"jump_enabled":false,"jump_disabled":true,"required_item":null,"short_name":"Book Room"},"120":{"room_id":120,"room_key":"dance","name":"Night Club","display_name":"Night Club","music_id":673,"is_member":0,"path":"dance.swf","max_users":80,"jump_enabled":false,"jump_disabled":true,"required_item":null,"short_name":"Night Club"},"121":{"room_id":121,"room_key":"lounge","name":"Lounge","display_name":"Lounge","music_id":674,"is_member":0,"path":"lounge.swf","max_users":80,"jump_enabled":false,"jump_disabled":true,"required_item":null,"short_name":"Arcade"},"122":{"room_id":122,"room_key":"school","name":"school","display_name":"school","music_id":436,"is_member":0,"path":"school.swf","max_users":80,"jump_enabled":false,"jump_disabled":true,"required_item":null,"short_name":"School"},"130":{"room_id":130,"room_key":"shop","name":"Clothes Shop","display_name":"Clothes Shop","music_id":345,"is_member":0,"path":"shop.swf","max_users":80,"jump_enabled":false,"jump_disabled":true,"required_item":null,"short_name":"Clothes Shop"},"200":{"room_id":200,"room_key":"village","name":"Ski Village","display_name":"Ski Village","music_id":591,"is_member":0,"path":"village.swf","max_users":80,"jump_enabled":false,"jump_disabled":true,"required_item":null,"short_name":"Ski Village"},"210":{"room_id":210,"room_key":"","name":"Sports Shop","display_name":"Sports Shop","music_id":0,"is_member":0,"path":"","max_users":80,"jump_enabled":false,"jump_disabled":true,"required_item":null,"short_name":"Sports Shop"},"212":{"room_id":212,"room_key":"agentlobbymulti","name":"Agent Lobby Multi","display_name":"Agent Lobby Multi","music_id":0,"is_member":0,"path":"agentlobbymulti.swf","max_users":80,"jump_enabled":false,"jump_disabled":true,"required_item":null,"short_name":"EPF Only"},"220":{"room_id":220,"room_key":"lodge","name":"Ski Lodge","display_name":"Find Four (Lodge)","music_id":589,"is_member":0,"path":"lodge.swf","max_users":80,"jump_enabled":false,"jump_disabled":true,"required_item":null,"short_name":"Ski Lodge"},"221":{"room_id":221,"room_key":"attic","name":"Lodge Attic","display_name":"Find Four (Attic)","music_id":672,"is_member":0,"path":"attic.swf","max_users":80,"jump_enabled":false,"jump_disabled":true,"required_item":null,"short_name":"Attic"},"230":{"room_id":230,"room_key":"mtn","name":"Ski Hill","display_name":"Ski Hill","music_id":590,"is_member":0,"path":"mtn.swf","max_users":80,"jump_enabled":false,"jump_disabled":true,"required_item":null,"short_name":"Ski Hill"},"300":{"room_id":300,"room_key":"plaza","name":"The Plaza","display_name":"The Plaza","music_id":677,"is_member":0,"path":"plaza.swf","max_users":80,"jump_enabled":false,"jump_disabled":true,"required_item":null,"short_name":"Plaza"},"310":{"room_id":310,"room_key":"pet","name":"Pet Shop","display_name":"Pet Shop","music_id":659,"is_member":0,"path":"pet.swf","max_users":80,"jump_enabled":false,"jump_disabled":true,"required_item":null,"short_name":"Pet Shop"},"320":{"room_id":320,"room_key":"dojo","name":"The Dojo","display_name":"The Dojo","music_id":403,"is_member":0,"path":"dojo.swf","max_users":80,"jump_enabled":false,"jump_disabled":true,"required_item":null,"short_name":"Dojo"},"321":{"room_id":321,"room_key":"dojoext","name":"Dojo Exterior","display_name":"Dojo Exterior","music_id":404,"is_member":0,"path":"dojoext.swf","max_users":80,"jump_enabled":false,"jump_disabled":true,"required_item":null,"short_name":"Dojo Front"},"323":{"room_id":323,"room_key":"agentcom","name":"Agent Command","display_name":"Agent Command","music_id":642,"is_member":0,"path":"agentcom.swf","max_users":80,"jump_enabled":false,"jump_disabled":true,"required_item":null,"short_name":"EPF Only"},"324":{"room_id":324,"room_key":"dojoextsolo","name":"Dojo Exterior Solo","display_name":"Dojo Exterior Solo","music_id":404,"is_member":0,"path":"dojoextsolo.swf","max_users":80,"jump_enabled":false,"jump_disabled":true,"required_item":null,"short_name":""},"326":{"room_id":326,"room_key":"dojosnow","name":"Dojo Snow","display_name":"CJ Snow Dojo","music_id":407,"is_member":0,"path":"dojosnow.swf","max_users":80,"jump_enabled":false,"jump_disabled":true,"required_item":null,"short_name":"Snow Dojo"},"330":{"room_id":330,"room_key":"pizza","name":"Pizza Parlor","display_name":"Pizza Parlor","music_id":676,"is_member":0,"path":"pizza.swf","max_users":80,"jump_enabled":false,"jump_disabled":true,"required_item":null,"short_name":"Pizza"},"340":{"room_id":340,"room_key":"stage","name":"The Stage","display_name":"The Stage","music_id":599,"is_member":0,"path":"stage.swf","max_users":80,"jump_enabled":false,"jump_disabled":true,"required_item":null,"short_name":"The Stage"},"400":{"room_id":400,"room_key":"beach","name":"The Beach","display_name":"The Beach","music_id":582,"is_member":0,"path":"beach.swf","max_users":80,"jump_enabled":false,"jump_disabled":true,"required_item":null,"short_name":"Beach"},"410":{"room_id":410,"room_key":"light","name":"Lighthouse","display_name":"Lighthouse","music_id":588,"is_member":0,"path":"light.swf","max_users":80,"jump_enabled":false,"jump_disabled":true,"required_item":null,"short_name":"Lighthouse"},"411":{"room_id":411,"room_key":"beacon","name":"Beacon","display_name":"Beacon","music_id":583,"is_member":0,"path":"beacon.swf","max_users":80,"jump_enabled":false,"jump_disabled":true,"required_item":null,"short_name":"Beacon"},"420":{"room_id":420,"room_key":"ship","name":"Pirate Ship","display_name":"Pirate Ship","music_id":380,"is_member":0,"path":"ship.swf","max_users":80,"jump_enabled":false,"jump_disabled":true,"required_item":null,"short_name":"Migrator"},"421":{"room_id":421,"room_key":"shiphold","name":"Ship's Hold","display_name":"Ship's Hold","music_id":491,"is_member":0,"path":"shiphold.swf","max_users":80,"jump_enabled":false,"jump_disabled":true,"required_item":null,"short_name":"Ship Hold"},"422":{"room_id":422,"room_key":"shipquarters","name":"Captain's Quarters","display_name":"Treasure Hunt","music_id":491,"is_member":0,"path":"shipquarters.swf","max_users":80,"jump_enabled":false,"jump_disabled":true,"required_item":null,"short_name":"Quarters"},"423":{"room_id":423,"room_key":"shipnest","name":"The Crows Nest","display_name":"The Crows Nest","music_id":492,"is_member":0,"path":"shipnest.swf","max_users":80,"jump_enabled":false,"jump_disabled":true,"required_item":null,"short_name":"Crow Nest"},"430":{"room_id":430,"room_key":"hotellobby","name":"Puffle Hotel Lobby","display_name":"Puffle Hotel Lobby","music_id":362,"is_member":0,"path":"hotellobby.swf","max_users":80,"jump_enabled":false,"jump_disabled":true,"required_item":null,"short_name":"Hotel Lobby"},"431":{"room_id":431,"room_key":"hotelspa","name":"Puffle Hotel Spa","display_name":"Puffle Hotel Spa","music_id":361,"is_member":0,"path":"hotelspa.swf","max_users":80,"jump_enabled":false,"jump_disabled":true,"required_item":null,"short_name":"Hotel Spa"},"432":{"room_id":432,"room_key":"hotelroof","name":"Puffle Hotel Roof","display_name":"Puffle Hotel Roof","music_id":360,"is_member":0,"path":"hotelroof.swf","max_users":80,"jump_enabled":false,"jump_disabled":true,"required_item":null,"short_name":"Hotel Rooftop"},"433":{"room_id":433,"room_key":"cloudforest","name":"Cloud Forest","display_name":"Cloud Forest","music_id":363,"is_member":1,"path":"cloudforest.swf","max_users":800,"jump_enabled":false,"jump_disabled":true,"required_item":null,"short_name":"Cloud Forest"},"434":{"room_id":434,"room_key":"park","name":"Puffle Park","display_name":"Puffle Park","music_id":658,"is_member":0,"path":"park.swf","max_users":80,"jump_enabled":false,"jump_disabled":true,"required_item":null,"short_name":"Puffle Park"},"800":{"room_id":800,"room_key":"dock","name":"The Dock","display_name":"The Dock","music_id":585,"is_member":0,"path":"dock.swf","max_users":80,"jump_enabled":true,"jump_disabled":false,"required_item":null,"short_name":"Dock"},"801":{"room_id":801,"room_key":"forts","name":"Snow Forts","display_name":"Snow Forts","music_id":587,"is_member":0,"path":"forts.swf","max_users":80,"jump_enabled":true,"jump_disabled":false,"required_item":null,"short_name":"Snow Forts"},"802":{"room_id":802,"room_key":"rink","name":"Ice Rink","display_name":"Ice Rink","music_id":733,"is_member":0,"path":"rink.swf","max_users":80,"jump_enabled":false,"jump_disabled":true,"required_item":null,"short_name":"Stadium"},"803":{"room_id":803,"room_key":"agent","name":"HQ","display_name":"HQ","music_id":7,"is_member":0,"path":"agent.swf","max_users":80,"jump_enabled":false,"jump_disabled":true,"required_item":null,"short_name":"HQ"},"804":{"room_id":804,"room_key":"boiler","name":"Boiler Room","display_name":"Boiler Room","music_id":667,"is_member":0,"path":"boiler.swf","max_users":80,"jump_enabled":false,"jump_disabled":true,"required_item":null,"short_name":"Boiler"},"805":{"room_id":805,"room_key":"berg","name":"Ice Berg","display_name":"Ice Berg","music_id":584,"is_member":0,"path":"berg.swf","max_users":80,"jump_enabled":false,"jump_disabled":true,"required_item":null,"short_name":"Iceberg"},"806":{"room_id":806,"room_key":"cave","name":"Underground Pool","display_name":"Underground Pool","music_id":532,"is_member":0,"path":"cave.swf","max_users":80,"jump_enabled":false,"jump_disabled":true,"required_item":null,"short_name":"Pool"},"807":{"room_id":807,"room_key":"shack","name":"Mine Shack","display_name":"Mine Shack","music_id":580,"is_member":0,"path":"shack.swf","max_users":80,"jump_enabled":false,"jump_disabled":true,"required_item":null,"short_name":"Mine Shack"},"808":{"room_id":808,"room_key":"mine","name":"The Mine","display_name":"The Mine","music_id":675,"is_member":0,"path":"mine.swf","max_users":80,"jump_enabled":false,"jump_disabled":true,"required_item":null,"short_name":"Mine"},"809":{"room_id":809,"room_key":"forest","name":"Forest","display_name":"Forest","music_id":586,"is_member":0,"path":"forest.swf","max_users":80,"jump_enabled":false,"jump_disabled":true,"required_item":null,"short_name":"Forest"},"810":{"room_id":810,"room_key":"cove","name":"Cove","display_name":"Cove","music_id":579,"is_member":0,"path":"cove.swf","max_users":80,"jump_enabled":false,"jump_disabled":true,"required_item":null,"short_name":"Cove","pin_id":7199,"pin_x":100,"pin_y":175},"811":{"room_id":811,"room_key":"boxdimension","name":"Box Dimension","display_name":"Box Dimension","music_id":264,"is_member":0,"path":"boxdimension.swf","max_users":80,"jump_enabled":false,"jump_disabled":true,"required_item":null,"short_name":"???"},"812":{"room_id":812,"room_key":"dojofire","name":"Dojo Fire","display_name":"Dojo Fire","music_id":405,"is_member":0,"path":"dojofire.swf","max_users":80,"jump_enabled":false,"jump_disabled":true,"required_item":null,"short_name":"Fire Dojo"},"813":{"room_id":813,"room_key":"cavemine","name":"Gold Mine","display_name":"Gold Mine","music_id":532,"is_member":0,"path":"cavemine.swf","max_users":80,"jump_enabled":false,"jump_disabled":true,"required_item":null,"short_name":"Gold Mine"},"814":{"room_id":814,"room_key":"lake","name":"Lake","display_name":"Lake","music_id":666,"is_member":0,"path":"lake.swf","max_users":80,"jump_enabled":false,"jump_disabled":true,"required_item":null,"short_name":"Lake"},"815":{"room_id":815,"room_key":"underwater","name":"Underwater","display_name":"Underwater","music_id":671,"is_member":0,"path":"underwater.swf","max_users":80,"jump_enabled":false,"jump_disabled":true,"required_item":null,"short_name":"Underwater"},"816":{"room_id":816,"room_key":"dojowater","name":"Dojo Water","display_name":"Card'jitsu Water","music_id":406,"is_member":0,"path":"dojowater.swf","max_users":80,"jump_enabled":false,"jump_disabled":true,"required_item":null,"short_name":"Water Dojo"},"851":{"room_id":851,"room_key":"party1","name":"Party1","display_name":"Party1","music_id":0,"is_member":0,"path":"party1.swf","max_users":80,"jump_enabled":true,"jump_disabled":false,"required_item":null,"short_name":"Bonus Room"},"852":{"room_id":852,"room_key":"party2","name":"Party2","display_name":"Party2","music_id":343,"is_member":0,"path":"party2.swf","max_users":80,"jump_enabled":true,"jump_disabled":false,"required_item":null,"short_name":"Lock Down"},"853":{"room_id":853,"room_key":"party3","name":"Party3","display_name":"Party3","music_id":343,"is_member":0,"path":"party3.swf","max_users":80,"jump_enabled":true,"jump_disabled":false,"required_item":null,"short_name":"Sector 1"},"854":{"room_id":854,"room_key":"party4","name":"Party4","display_name":"Party4","music_id":343,"is_member":0,"path":"party4.swf","max_users":80,"jump_enabled":true,"jump_disabled":false,"required_item":null,"short_name":"Herbert HQ"},"855":{"room_id":855,"room_key":"party5","name":"Party5","display_name":"Party5","music_id":343,"is_member":0,"path":"party5.swf","max_users":80,"jump_enabled":true,"jump_disabled":false,"required_item":null,"short_name":"Sector 2"},"856":{"room_id":856,"room_key":"party6","name":"Party6","display_name":"Party6","music_id":343,"is_member":0,"path":"party6.swf","max_users":80,"jump_enabled":true,"jump_disabled":false,"required_item":null,"short_name":"Secret Tunnel"},"857":{"room_id":857,"room_key":"party7","name":"Party7","display_name":"Party7","music_id":343,"is_member":0,"path":"party7.swf","max_users":80,"jump_enabled":true,"jump_disabled":false,"required_item":null,"short_name":"Secret HQ"},"858":{"room_id":858,"room_key":"party8","name":"Party8","display_name":"Party8","music_id":339,"is_member":0,"path":"party8.swf","max_users":80,"jump_enabled":true,"jump_disabled":false,"required_item":null,"short_name":"Tunnel"},"859":{"room_id":859,"room_key":"party9","name":"Party9","display_name":"Party9","music_id":338,"is_member":0,"path":"party9.swf","max_users":80,"jump_enabled":true,"jump_disabled":false,"required_item":null,"short_name":"Ghost Lab"},"860":{"room_id":860,"room_key":"party10","name":"Party10","display_name":"Party10","music_id":302,"is_member":0,"path":"party10.swf","max_users":80,"jump_enabled":false,"jump_disabled":true,"required_item":null,"short_name":""},"861":{"room_id":861,"room_key":"party11","name":"Party11","display_name":"Party11","music_id":306,"is_member":1,"path":"party11.swf","max_users":80,"jump_enabled":false,"jump_disabled":true,"required_item":null,"short_name":""},"862":{"room_id":862,"room_key":"party12","name":"Party12","display_name":"Party12","music_id":0,"is_member":1,"path":"party12.swf","max_users":80,"jump_enabled":false,"jump_disabled":true,"required_item":null,"short_name":""},"863":{"room_id":863,"room_key":"party13","name":"Party13","display_name":"Party13","music_id":305,"is_member":1,"path":"party13.swf","max_users":80,"jump_enabled":false,"jump_disabled":true,"required_item":null,"short_name":""},"864":{"room_id":864,"room_key":"party14","name":"Party14","display_name":"Party14","music_id":286,"is_member":1,"path":"party14.swf","max_users":80,"jump_enabled":false,"jump_disabled":true,"required_item":null,"short_name":""},"865":{"room_id":865,"room_key":"party15","name":"Party15","display_name":"Party15","music_id":286,"is_member":1,"path":"party15.swf","max_users":80,"jump_enabled":false,"jump_disabled":true,"required_item":null,"short_name":""},"866":{"room_id":866,"room_key":"party16","name":"Party16","display_name":"Party16","music_id":287,"is_member":1,"path":"party16.swf","max_users":80,"jump_enabled":false,"jump_disabled":true,"required_item":null,"short_name":""},"867":{"room_id":867,"room_key":"party17","name":"Party17","display_name":"Party17","music_id":288,"is_member":1,"path":"party17.swf","max_users":80,"jump_enabled":false,"jump_disabled":true,"required_item":null,"short_name":""},"868":{"room_id":868,"room_key":"party18","name":"Party18","display_name":"Party18","music_id":265,"is_member":1,"path":"party18.swf","max_users":80,"jump_enabled":false,"jump_disabled":true,"required_item":null,"short_name":""},"874":{"room_id":874,"room_key":"party24","name":"Party24","display_name":"Party24","music_id":0,"is_member":0,"path":"party24.swf","max_users":80,"jump_enabled":true,"jump_disabled":false,"required_item":null,"short_name":""},"875":{"room_id":875,"room_key":"party25","name":"Party25","display_name":"Party25","music_id":0,"is_member":0,"path":"party25.swf","max_users":80,"jump_enabled":true,"jump_disabled":false,"required_item":null,"short_name":""},"876":{"room_id":876,"room_key":"party26","name":"Party26","display_name":"Party26","music_id":0,"is_member":0,"path":"party26.swf","max_users":80,"jump_enabled":true,"jump_disabled":false,"required_item":null,"short_name":""},"877":{"room_id":877,"room_key":"party27","name":"Party27","display_name":"Party27","music_id":0,"is_member":0,"path":"party27.swf","max_users":80,"jump_enabled":true,"jump_disabled":false,"required_item":null,"short_name":""},"878":{"room_id":878,"room_key":"party28","name":"Party28","display_name":"Party28","music_id":0,"is_member":0,"path":"party28.swf","max_users":80,"jump_enabled":true,"jump_disabled":false,"required_item":null,"short_name":""},"890":{"room_id":890,"room_key":"party99","name":"Party99","display_name":"Party99","music_id":0,"is_member":0,"path":"party99.swf","max_users":80,"jump_enabled":false,"jump_disabled":true,"required_item":null,"short_name":""},"898":{"room_id":898,"room_key":"soundroom","name":"Sound Room","display_name":"Sound Room","music_id":0,"is_member":0,"path":"soundroom.swf","max_users":800,"jump_enabled":false,"jump_disabled":true,"required_item":null,"short_name":"Sound Room"},"899":{"room_id":899,"room_key":"party","name":"Party","display_name":"Party","music_id":267,"is_member":0,"path":"party.swf","max_users":80,"jump_enabled":false,"jump_disabled":true,"required_item":null,"short_name":""},"900":{"room_id":900,"room_key":"","name":"Astro","display_name":"Astro Barrier","music_id":0,"is_member":0,"path":"","max_users":800,"jump_enabled":false,"jump_disabled":true,"required_item":null,"short_name":"Astro Barrier"},"901":{"room_id":901,"room_key":"","name":"Beans","display_name":"Bean Counters","music_id":0,"is_member":0,"path":"","max_users":800,"jump_enabled":false,"jump_disabled":true,"required_item":null,"short_name":"Bean Counters"},"902":{"room_id":902,"room_key":"","name":"Puffle","display_name":"Puffle Roundup","music_id":0,"is_member":0,"path":"","max_users":800,"jump_enabled":false,"jump_disabled":true,"required_item":null,"short_name":"Roundup"},"903":{"room_id":903,"room_key":"","name":"Biscuit","display_name":"Hydro Hopper","music_id":0,"is_member":0,"path":"","max_users":800,"jump_enabled":false,"jump_disabled":true,"required_item":null,"short_name":"Hydro Hopper"},"904":{"room_id":904,"room_key":"","name":"Fish","display_name":"Ice Fishing","music_id":0,"is_member":0,"path":"","max_users":800,"jump_enabled":false,"jump_disabled":true,"required_item":null,"short_name":"Ice Fishing"},"905":{"room_id":905,"room_key":"","name":"MineCar1","display_name":"Cart Surfer","music_id":105,"is_member":0,"path":"","max_users":800,"jump_enabled":false,"jump_disabled":true,"required_item":null,"short_name":"Cart Surfer"},"906":{"room_id":906,"room_key":"","name":"JetPack","display_name":"Jetpack Adventure","music_id":0,"is_member":0,"path":"","max_users":800,"jump_enabled":false,"jump_disabled":true,"required_item":null,"short_name":"Jet Pack"},"907":{"room_id":907,"room_key":"","name":"Mission1","display_name":"Mission 1","music_id":0,"is_member":0,"path":"","max_users":800,"jump_enabled":false,"jump_disabled":true,"required_item":null,"short_name":"EPF Only"},"908":{"room_id":908,"room_key":"","name":"Mission2","display_name":"Mission 2","music_id":0,"is_member":0,"path":"","max_users":800,"jump_enabled":false,"jump_disabled":true,"required_item":null,"short_name":"EPF Only"},"909":{"room_id":909,"room_key":"","name":"ThinIce","display_name":"Thin Ice","music_id":0,"is_member":0,"path":"","max_users":800,"jump_enabled":false,"jump_disabled":true,"required_item":null,"short_name":"Thin Ice"},"910":{"room_id":910,"room_key":"","name":"PizzaTron","display_name":"Pizzatron 3000","music_id":20,"is_member":0,"path":"","max_users":800,"jump_enabled":false,"jump_disabled":true,"required_item":null,"short_name":"Pizzatron"},"911":{"room_id":911,"room_key":"","name":"Mission3","display_name":"Mission 3","music_id":0,"is_member":0,"path":"","max_users":800,"jump_enabled":false,"jump_disabled":true,"required_item":null,"short_name":"EPF Only"},"912":{"room_id":912,"room_key":"","name":"Wave","display_name":"Catchin' Waves","music_id":0,"is_member":0,"path":"","max_users":800,"jump_enabled":false,"jump_disabled":true,"required_item":null,"short_name":"Wave"},"913":{"room_id":913,"room_key":"","name":"Mission4","display_name":"Mission 4","music_id":0,"is_member":0,"path":"","max_users":800,"jump_enabled":false,"jump_disabled":true,"required_item":null,"short_name":"EPF Only"},"914":{"room_id":914,"room_key":"","name":"Mission5","display_name":"Mission 5","music_id":0,"is_member":0,"path":"","max_users":800,"jump_enabled":false,"jump_disabled":true,"required_item":null,"short_name":"EPF Only"},"915":{"room_id":915,"room_key":"","name":"Mission6","display_name":"Mission 6","music_id":0,"is_member":0,"path":"","max_users":800,"jump_enabled":false,"jump_disabled":true,"required_item":null,"short_name":"EPF Only"},"916":{"room_id":916,"room_key":"","name":"SubGame","display_name":"Aqua Grabber","music_id":0,"is_member":0,"path":"","max_users":800,"jump_enabled":false,"jump_disabled":true,"required_item":null,"short_name":"Aqua Grabber"},"917":{"room_id":917,"room_key":"","name":"BookGame1","display_name":"Paint By Letters: My Puffle","music_id":0,"is_member":0,"path":"","max_users":800,"jump_enabled":false,"jump_disabled":true,"required_item":null,"short_name":""},"918":{"room_id":918,"room_key":"","name":"BookGame2","display_name":"Paint By Letters: Burnt out Bulbs","music_id":0,"is_member":0,"path":"","max_users":800,"jump_enabled":false,"jump_disabled":true,"required_item":null,"short_name":""},"919":{"room_id":919,"room_key":"","name":"BookGame3","display_name":"Paint By Letters: Lime Green Dojo Clean","music_id":0,"is_member":0,"path":"","max_users":800,"jump_enabled":false,"jump_disabled":true,"required_item":null,"short_name":""},"920":{"room_id":920,"room_key":"","name":"Mission7","display_name":"Mission 7","music_id":0,"is_member":0,"path":"","max_users":800,"jump_enabled":false,"jump_disabled":true,"required_item":null,"short_name":"EPF Only"},"921":{"room_id":921,"room_key":"","name":"Mission8","display_name":"Mission 8","music_id":0,"is_member":0,"path":"","max_users":800,"jump_enabled":false,"jump_disabled":true,"required_item":null,"short_name":"EPF Only"},"922":{"room_id":922,"room_key":"","name":"Mission9","display_name":"Mission 9","music_id":0,"is_member":0,"path":"","max_users":800,"jump_enabled":false,"jump_disabled":true,"required_item":null,"short_name":"EPF Only"},"923":{"room_id":923,"room_key":"","name":"Mission10","display_name":"Mission 10","music_id":0,"is_member":0,"path":"","max_users":800,"jump_enabled":false,"jump_disabled":true,"required_item":null,"short_name":"EPF Only"},"924":{"room_id":924,"room_key":"","name":"Game24","display_name":"Game24","music_id":0,"is_member":0,"path":"","max_users":80,"jump_enabled":false,"jump_disabled":true,"required_item":null,"short_name":""},"925":{"room_id":925,"room_key":"","name":"Game25","display_name":"Game25","music_id":0,"is_member":0,"path":"","max_users":80,"jump_enabled":false,"jump_disabled":true,"required_item":null,"short_name":""},"926":{"room_id":926,"room_key":"","name":"MixMaster","display_name":"DJ3K","music_id":0,"is_member":0,"path":"","max_users":800,"jump_enabled":false,"jump_disabled":true,"required_item":null,"short_name":"DJ3K"},"927":{"room_id":927,"room_key":"","name":"Mission11","display_name":"Mission 11","music_id":0,"is_member":0,"path":"","max_users":800,"jump_enabled":false,"jump_disabled":true,"required_item":null,"short_name":"EPF Only"},"941":{"room_id":941,"room_key":"","name":"Puffle Soaker","display_name":"Puffle Soaker","music_id":0,"is_member":0,"path":"","max_users":800,"jump_enabled":false,"jump_disabled":true,"required_item":null,"short_name":"Puffle Soaker"},"942":{"room_id":942,"room_key":"","name":"Balloon Pop","display_name":"Balloon Pop","music_id":0,"is_member":0,"path":"","max_users":800,"jump_enabled":false,"jump_disabled":true,"required_item":null,"short_name":"Balloon Pop"},"943":{"room_id":943,"room_key":"","name":"Ring the Bell","display_name":"Ring the Bell","music_id":0,"is_member":0,"path":"","max_users":800,"jump_enabled":false,"jump_disabled":true,"required_item":null,"short_name":"Ring the Bell"},"944":{"room_id":944,"room_key":"","name":"Feed a Puffle","display_name":"Feed a Puffle","music_id":0,"is_member":0,"path":"","max_users":800,"jump_enabled":false,"jump_disabled":true,"required_item":null,"short_name":"Feed-A-Puffle"},"945":{"room_id":945,"room_key":"","name":"Memory Card","display_name":"Memory Card","music_id":0,"is_member":0,"path":"","max_users":800,"jump_enabled":false,"jump_disabled":true,"required_item":null,"short_name":"Memory Game"},"946":{"room_id":946,"room_key":"","name":"Puffle paddle","display_name":"Puffle paddle","music_id":0,"is_member":0,"path":"","max_users":800,"jump_enabled":false,"jump_disabled":true,"required_item":null,"short_name":"Puffle Paddle"},"947":{"room_id":947,"room_key":"","name":"Puffle Shuffle","display_name":"Puffle Shuffle","music_id":0,"is_member":0,"path":"","max_users":800,"jump_enabled":false,"jump_disabled":true,"required_item":null,"short_name":"Puffle Shuffle"},"948":{"room_id":948,"room_key":"","name":"Grab and Spin","display_name":"Grab and Spin","music_id":0,"is_member":0,"path":"","max_users":800,"jump_enabled":false,"jump_disabled":true,"required_item":null,"short_name":"Spin To Win"},"949":{"room_id":949,"room_key":"","name":"Puffle Rescue","display_name":"Puffle Rescue","music_id":0,"is_member":0,"path":"","max_users":800,"jump_enabled":false,"jump_disabled":true,"required_item":null,"short_name":"Puffle Rescue"},"950":{"room_id":950,"room_key":"","name":"System Defender","display_name":"System Defender","music_id":0,"is_member":0,"path":"","max_users":800,"jump_enabled":false,"jump_disabled":true,"required_item":null,"short_name":"EPF Only"},"951":{"room_id":951,"room_key":"","name":"Sensei","display_name":"Sensei","music_id":0,"is_member":0,"path":"","max_users":80,"jump_enabled":false,"jump_disabled":true,"required_item":null,"short_name":"Ninja Training"},"952":{"room_id":952,"room_key":"","name":"Dancing","display_name":"Dance Contest","music_id":0,"is_member":0,"path":"","max_users":800,"jump_enabled":false,"jump_disabled":true,"required_item":null,"short_name":"Dance Contest"},"953":{"room_id":953,"room_key":"","name":"Fire Sensei","display_name":"Fire Sensei","music_id":0,"is_member":0,"path":"","max_users":800,"jump_enabled":false,"jump_disabled":true,"required_item":null,"short_name":"Fire Training"},"954":{"room_id":954,"room_key":"","name":"Water Sensei","display_name":"Water Sensei","music_id":0,"is_member":0,"path":"","max_users":800,"jump_enabled":false,"jump_disabled":true,"required_item":null,"short_name":"Water Training"},"955":{"room_id":955,"room_key":"","name":"Puffle Launch","display_name":"Puffle Launch","music_id":0,"is_member":0,"path":"","max_users":800,"jump_enabled":false,"jump_disabled":true,"required_item":null,"short_name":"Puffle Launch"},"956":{"room_id":956,"room_key":"","name":"Bits and Bolts","display_name":"Bits And Bolts","music_id":0,"is_member":0,"path":"","max_users":800,"jump_enabled":false,"jump_disabled":true,"required_item":null,"short_name":"Bits & Bolts"},"957":{"room_id":957,"room_key":"","name":"Rollerscape","display_name":"Rollerscape","music_id":0,"is_member":0,"path":"","max_users":800,"jump_enabled":false,"jump_disabled":true,"required_item":null,"short_name":""},"958":{"room_id":958,"room_key":"","name":"Scorn Battle","display_name":"Scorn Battle","music_id":0,"is_member":0,"path":"","max_users":800,"jump_enabled":false,"jump_disabled":true,"required_item":null,"short_name":""},"959":{"room_id":959,"room_key":"","name":"Smoothie","display_name":"Smoothie","music_id":0,"is_member":0,"path":"","max_users":800,"jump_enabled":false,"jump_disabled":true,"required_item":null,"short_name":"Smoothie"},"960":{"room_id":960,"room_key":"","name":"Ice Jam","display_name":"Ice Jam","music_id":0,"is_member":0,"path":"","max_users":800,"jump_enabled":false,"jump_disabled":true,"required_item":null,"short_name":""},"962":{"room_id":962,"room_key":"partygame","name":"Party Game","display_name":"Party Game","music_id":0,"is_member":0,"path":"partygame.swf","max_users":800,"jump_enabled":false,"jump_disabled":true,"required_item":null,"short_name":"Party Game"},"963":{"room_id":963,"room_key":"","name":"Spy Drills","display_name":"Spy Drills","music_id":0,"is_member":0,"path":"","max_users":800,"jump_enabled":false,"jump_disabled":true,"required_item":null,"short_name":"SpyDrills"},"994":{"room_id":994,"room_key":"","name":"igloo_card","display_name":"igloo_card","music_id":0,"is_member":0,"path":"","max_users":80,"jump_enabled":true,"jump_disabled":false,"required_item":null,"short_name":""},"995":{"room_id":995,"room_key":"","name":"Water","display_name":"Card'jitsu Water","music_id":0,"is_member":0,"path":"","max_users":80,"jump_enabled":false,"jump_disabled":true,"required_item":null,"short_name":"Water"},"996":{"room_id":996,"room_key":"","name":"Snow","display_name":"","music_id":0,"is_member":0,"path":"","max_users":2000,"jump_enabled":false,"jump_disabled":true,"required_item":null,"short_name":"Snow"},"997":{"room_id":997,"room_key":"","name":"Fire","display_name":"Card'jitsu Fire","music_id":0,"is_member":0,"path":"","max_users":80,"jump_enabled":false,"jump_disabled":true,"required_item":null,"short_name":"Fire"},"998":{"room_id":998,"room_key":"","name":"Card Jitsu","display_name":"Card Jitsu","music_id":0,"is_member":0,"path":"","max_users":0,"jump_enabled":false,"jump_disabled":true,"required_item":null,"short_name":"Card Jitsu"},"999":{"room_id":999,"room_key":"party19","name":"Sled Race","display_name":"Sled Race","music_id":308,"is_member":1,"path":"party19.swf","max_users":80,"jump_enabled":false,"jump_disabled":true,"required_item":null,"short_name":"Sled Race"},"1100":{"room_id":1100,"room_key":"","name":"My Penguin","display_name":"My Penguin ","music_id":0,"is_member":0,"path":"","max_users":0,"jump_enabled":false,"jump_disabled":true,"required_item":null,"short_name":"My Penguin"},"1104":{"room_id":1104,"room_key":"cavemine","name":"Gold Mine","display_name":"Gold Mine","music_id":532,"is_member":0,"path":"cavemine.swf","max_users":80,"jump_enabled":false,"jump_disabled":true,"required_item":null,"short_name":"Gold Mine"}}