[{"message":"Hello","id":1,"parent_id":null,"menu":[{"message":"Hi","id":100,"parent_id":1,"menu":[{"message":"Hi there!","id":101,"parent_id":100},{"message":"Hi everyone","id":102,"parent_id":100}]},{"message":"Greetings","id":120,"parent_id":1,"menu":[{"message":"Greetings everyone","id":121,"parent_id":120},{"message":"Greetings Earthling","id":122,"parent_id":120}]},{"message":"Welcome","id":130,"parent_id":1,"menu":[{"message":"Welcome to my igloo","id":131,"parent_id":130},{"message":"Welcome back!","id":132,"parent_id":130}]},{"message":"Hey there!","id":140,"parent_id":1},{"message":"What's up?","id":150,"parent_id":1,"menu":[{"message":"How are you doing?","id":151,"parent_id":150},{"message":"How's it going?","id":152,"parent_id":150},{"message":"What's new?","id":153,"parent_id":150}]},{"message":"Good day","id":160,"parent_id":1,"menu":[{"message":"Good morning","id":161,"parent_id":160},{"message":"Good afternoon","id":162,"parent_id":160},{"message":"Good night","id":163,"parent_id":160},{"message":"Good evening","id":164,"parent_id":160}]},{"message":"Silly","id":170,"parent_id":1,"menu":[{"message":"Hulloo","id":171,"parent_id":170},{"message":"Waz up?","id":172,"parent_id":170},{"message":"Ahoy!","id":173,"parent_id":170},{"message":"Come in agent!","id":174,"parent_id":170}]}]},{"message":"Goodbye","id":2,"parent_id":null,"menu":[{"message":"Later","id":210,"parent_id":2,"menu":[{"message":"See you tomorrow","id":211,"parent_id":210},{"message":"See you later","id":212,"parent_id":210}]},{"message":"Bye","id":220,"parent_id":2},{"message":"I'll be right back","id":230,"parent_id":2},{"message":"I have to go","id":240,"parent_id":2},{"message":"Farewell","id":250,"parent_id":2,"menu":[{"message":"Take care","id":251,"parent_id":250},{"message":"Have a nice day!","id":252,"parent_id":250},{"message":"Good luck!","id":253,"parent_id":250},{"message":"Enjoy!","id":254,"parent_id":250},{"message":"Cheers","id":255,"parent_id":250},{"message":"Ta ta for now!","id":256,"parent_id":250}]},{"message":"Peace!","id":260,"parent_id":2}]},{"message":"Friend","id":3,"parent_id":null,"menu":[{"message":"Wanna be friends?","id":300,"parent_id":3},{"message":"Follow me","id":310,"parent_id":3,"menu":[{"message":"Come to my igloo","id":311,"parent_id":310},{"message":"Party at my place!","id":312,"parent_id":310}]},{"message":"I like ...","id":320,"parent_id":3,"menu":[{"message":"I like your outfit!","id":321,"parent_id":320},{"message":"I like your igloo!","id":322,"parent_id":320},{"message":"I like your puffles!","id":323,"parent_id":320},{"message":"I like your hair!","id":324,"parent_id":320}]},{"message":"Thank you","id":330,"parent_id":3,"menu":[{"message":"Thanks for playing","id":331,"parent_id":330},{"message":"Thanks for visiting","id":332,"parent_id":330},{"message":"No, thank you","id":333,"parent_id":330}]},{"message":"No problem","id":340,"parent_id":3},{"message":"You are ...","id":350,"parent_id":3,"menu":[{"message":"You are great!","id":351,"parent_id":350},{"message":"You are cool!","id":352,"parent_id":350},{"message":"You are funny!","id":353,"parent_id":350},{"message":"You are silly!","id":354,"parent_id":350},{"message":"You are awesome!","id":355,"parent_id":350},{"message":"You are a good friend!","id":356,"parent_id":350}],"wide":2},{"message":"Igloo","id":360,"parent_id":3,"menu":[{"message":"Cool igloo!","id":361,"parent_id":360},{"message":"Great decorating!","id":362,"parent_id":360},{"message":"Awesome design","id":363,"parent_id":360},{"message":"I like your igloo","id":364,"parent_id":360},{"message":"Great party!","id":365,"parent_id":360},{"message":"Thanks for coming to my party!","id":366,"parent_id":360},{"message":"Your puffles look hungry.","id":367,"parent_id":360}],"wide":2},{"message":"Sorry","id":370,"parent_id":3,"menu":[{"message":"Sorry, I am busy","id":371,"parent_id":370},{"message":"Sorry, I need to go","id":372,"parent_id":370},{"message":"Please forgive me","id":373,"parent_id":370},{"message":"I forgive you","id":374,"parent_id":370}]}]},{"message":"Questions","id":4,"parent_id":null,"menu":[{"message":"What?","id":400,"parent_id":4,"wide":2,"menu":[{"message":"What is your favorite animal?","id":401,"parent_id":400},{"message":"What is your favorite game?","id":402,"parent_id":400},{"message":"What is your favorite sport?","id":403,"parent_id":400},{"message":"What is your favorite music?","id":405,"parent_id":400},{"message":"What are your hobbies?","id":407,"parent_id":400}]},{"message":"Where?","id":410,"parent_id":4,"wide":2,"menu":[{"message":"Where do you want to go?","id":412,"parent_id":410},{"message":"Where are you going?","id":413,"parent_id":410},{"message":"Where did you find that?","id":414,"parent_id":410},{"message":"Where did you find that pin?","id":415,"parent_id":410}]},{"message":"When?","id":420,"parent_id":4,"menu":[{"message":"When is your party?","id":421,"parent_id":420},{"message":"When are rehearsals?","id":422,"parent_id":420}]},{"message":"How are you today?","id":430,"parent_id":4},{"message":"Can I have a tour?","id":450,"parent_id":4},{"message":"EPF","id":460,"parent_id":4,"wide":2,"menu":[{"message":"Psst. I want to be a secret agent. Where\u2019s the HQ?","id":461,"parent_id":460}]}]},{"message":"Answers","id":5,"parent_id":null,"menu":[{"message":"Animals","id":10000,"parent_id":5,"menu":[{"message":"Cats","id":10100,"parent_id":10000,"menu":[{"message":"Lion","id":10101,"parent_id":10100},{"message":"Tiger","id":10102,"parent_id":10100},{"message":"Leopard","id":10103,"parent_id":10100},{"message":"Cheetah","id":10104,"parent_id":10100}]},{"message":"Dogs","id":10200,"parent_id":10000,"menu":[{"message":"Beagle","id":10201,"parent_id":10200},{"message":"Collie","id":10202,"parent_id":10200},{"message":"Dalmatian","id":10203,"parent_id":10200},{"message":"Poodle","id":10204,"parent_id":10200},{"message":"Spaniel","id":10205,"parent_id":10200},{"message":"Shepherd","id":10206,"parent_id":10200},{"message":"Terrier","id":10207,"parent_id":10200},{"message":"Retriever","id":10208,"parent_id":10200},{"message":"Wolf","id":10209,"parent_id":10200}]},{"message":"Horses","id":10300,"parent_id":10000},{"message":"Reptiles","id":10400,"parent_id":10000,"menu":[{"message":"Lizard","id":10410,"parent_id":10400},{"message":"Turtle","id":10420,"parent_id":10400},{"message":"Snake","id":10430,"parent_id":10400}]},{"message":"Hamster","id":10500,"parent_id":10000},{"message":"Monkey","id":10600,"parent_id":10000},{"message":"Bears","id":10700,"parent_id":10000},{"message":"Fish","id":10800,"parent_id":10000,"menu":[{"message":"Goldfish","id":10810,"parent_id":10800}]},{"message":"Birds","id":10900,"parent_id":10000,"menu":[{"message":"Penguin","id":10901,"parent_id":10900}]},{"message":"Elephants","id":11000,"parent_id":10000},{"message":"Puffles","id":12000,"parent_id":10000,"menu":[{"message":"Cute puffles","id":12001,"parent_id":12000},{"message":"Cool puffles","id":12002,"parent_id":12000},{"message":"Your puffles are hungry","id":12003,"parent_id":12000},{"message":"Let's walk our puffles","id":12004,"parent_id":12000}],"wide":2}]},{"message":"Games","id":50000,"parent_id":5,"menu":[{"message":"Astro Barrier","id":51100,"parent_id":50000},{"message":"Aqua Grabber","id":51150,"parent_id":50000},{"message":"Bean Counters","id":51300,"parent_id":50000},{"message":"Cart Surfer","id":51320,"parent_id":50000},{"message":"Catchin Waves","id":51321,"parent_id":50000},{"message":"Find Four","id":51330,"parent_id":50000},{"message":"Hydro-Hopper","id":51200,"parent_id":50000},{"message":"Ice Fishing","id":51350,"parent_id":50000},{"message":"Jet Pack Adventure","id":51360,"parent_id":50000},{"message":"Mancala","id":51400,"parent_id":50000}]},{"message":"More Games","id":52000,"parent_id":5,"menu":[{"message":"Pizzatron 3000","id":51450,"parent_id":52000},{"message":"Sled Racing","id":51500,"parent_id":52000},{"message":"Puffle Round-Up","id":51600,"parent_id":52000},{"message":"Thin Ice","id":51700,"parent_id":52000},{"message":"Treasure Hunt","id":51750,"parent_id":52000},{"message":"SoundStudio","id":100245,"parent_id":52000}]},{"message":"Sports","id":20000,"parent_id":5,"menu":[{"message":"Hockey","id":20100,"parent_id":20000},{"message":"Baseball","id":20200,"parent_id":20000},{"message":"Basketball","id":20300,"parent_id":20000},{"message":"Football","id":20400,"parent_id":20000},{"message":"Soccer","id":20500,"parent_id":20000},{"message":"Volleyball","id":20600,"parent_id":20000},{"message":"Water sports","id":20700,"parent_id":20000,"menu":[{"message":"Water Ski","id":20710,"parent_id":20700},{"message":"Wakeboard","id":20720,"parent_id":20700},{"message":"Ski Biscuit","id":20730,"parent_id":20700},{"message":"Swimming","id":20740,"parent_id":20700}]},{"message":"Winter Sports","id":20800,"parent_id":20000,"menu":[{"message":"Skiing","id":20810,"parent_id":20800,"menu":[{"message":"Cross Country","id":20811,"parent_id":20810},{"message":"Downhill","id":20812,"parent_id":20810}]},{"message":"Sledding","id":20820,"parent_id":20800},{"message":"Snowboard","id":20830,"parent_id":20800},{"message":"Skating","id":20840,"parent_id":20800}]},{"message":"Adventure","id":20900,"parent_id":20000,"menu":[{"message":"Hiking","id":20910,"parent_id":20900},{"message":"Rock Climbing","id":20920,"parent_id":20900},{"message":"Fishing","id":20930,"parent_id":20900}]}]},{"message":"Music","id":40000,"parent_id":5,"menu":[{"message":"Country","id":41000,"parent_id":40000},{"message":"Jazz","id":42000,"parent_id":40000},{"message":"Rap","id":43000,"parent_id":40000},{"message":"Hip-Hop","id":44000,"parent_id":40000},{"message":"Classical","id":45000,"parent_id":40000},{"message":"Pop","id":46000,"parent_id":40000},{"message":"Rock","id":47000,"parent_id":40000},{"message":"Techno","id":48000,"parent_id":40000}]},{"message":"Hobbies","id":60000,"parent_id":5,"menu":[{"message":"Reading","id":61000,"parent_id":60000,"menu":[{"message":"Fiction books","id":61100,"parent_id":61000},{"message":"Non-fiction books","id":61200,"parent_id":61000},{"message":"Comics","id":61300,"parent_id":61000},{"message":"Magazines","id":61400,"parent_id":61000}]},{"message":"The Internet","id":62000,"parent_id":60000},{"message":"Dance","id":63000,"parent_id":60000,"menu":[{"message":"Ballet","id":63100,"parent_id":63000},{"message":"Tap dance","id":63200,"parent_id":63000},{"message":"Jazz dance","id":63300,"parent_id":63000},{"message":"Hip Hop dance","id":63400,"parent_id":63000},{"message":"Modern dance","id":63500,"parent_id":63000}]},{"message":"Gymnastics","id":64000,"parent_id":60000},{"message":"Martial Arts","id":65000,"parent_id":60000,"menu":[{"message":"Karate","id":65100,"parent_id":65000},{"message":"Judo","id":65200,"parent_id":65000},{"message":"Tae Kwon Do","id":65300,"parent_id":65000}]},{"message":"Listening to music","id":66000,"parent_id":60000},{"message":"Music Lessons","id":67000,"parent_id":60000,"menu":[{"message":"Playing piano","id":67100,"parent_id":67000},{"message":"Playing guitar","id":67200,"parent_id":67000},{"message":"Playing the drums","id":67300,"parent_id":67000}]},{"message":"Arts and Crafts","id":68000,"parent_id":60000},{"message":"Hanging Out","id":69000,"parent_id":60000}]},{"message":"Location","id":80000,"parent_id":5,"menu":[{"message":"USA","id":81000,"parent_id":80000},{"message":"Canada","id":82000,"parent_id":80000},{"message":"Mexico","id":82100,"parent_id":80000},{"message":"Central America","id":82200,"parent_id":80000,"menu":[{"message":"Costa Rica","id":82201,"parent_id":82200},{"message":"Haiti","id":82202,"parent_id":82200}]},{"message":"Europe","id":83000,"parent_id":80000,"menu":[{"message":"UK","id":83010,"parent_id":83000,"menu":[{"message":"England","id":83011,"parent_id":83010},{"message":"Scotland","id":83012,"parent_id":83010},{"message":"Wales","id":83013,"parent_id":83010},{"message":"Ireland","id":83014,"parent_id":83010}]},{"message":"France","id":83020,"parent_id":83000},{"message":"Germany","id":83030,"parent_id":83000},{"message":"Spain","id":83040,"parent_id":83000},{"message":"Italy","id":83050,"parent_id":83000},{"message":"Poland","id":83060,"parent_id":83000},{"message":"Switzerland","id":83070,"parent_id":83000},{"message":"Greece","id":83080,"parent_id":83000}]},{"message":"Asia","id":84000,"parent_id":80000,"menu":[{"message":"China","id":84010,"parent_id":84000},{"message":"India","id":84020,"parent_id":84000},{"message":"Indonesia","id":84030,"parent_id":84000},{"message":"Japan","id":84040,"parent_id":84000},{"message":"Russia","id":84050,"parent_id":84000}]},{"message":"Australia","id":85000,"parent_id":80000,"menu":[{"message":"New South Wales","id":85010,"parent_id":85000},{"message":"Northern Territory","id":85020,"parent_id":85000},{"message":"Queensland","id":85030,"parent_id":85000},{"message":"South Australia","id":85040,"parent_id":85000},{"message":"Tasmania","id":85050,"parent_id":85000},{"message":"Victoria","id":85060,"parent_id":85000},{"message":"Western Australia","id":85070,"parent_id":85000}]},{"message":"Africa","id":86000,"parent_id":80000},{"message":"Middle East","id":87000,"parent_id":80000},{"message":"South America","id":88000,"parent_id":80000,"menu":[{"message":"Argentina","id":88010,"parent_id":88000},{"message":"Brazil","id":88020,"parent_id":88000},{"message":"Chile","id":88030,"parent_id":88000},{"message":"Uruguay","id":88040,"parent_id":88000},{"message":"Paraguay","id":88050,"parent_id":88000},{"message":"Ecuador","id":88060,"parent_id":88000},{"message":"Peru","id":88070,"parent_id":88000},{"message":"Colombia","id":88080,"parent_id":88000},{"message":"Venezuela","id":88090,"parent_id":88000}]},{"message":"Club Penguin","id":89000,"parent_id":80000,"menu":[{"message":"Town Center","id":89010,"parent_id":89000,"menu":[{"message":"Coffee Shop","id":89011,"parent_id":89010},{"message":"Book Room","id":89012,"parent_id":89010},{"message":"Dance Club","id":89013,"parent_id":89010},{"message":"Lounge","id":89014,"parent_id":89010},{"message":"Clothes Shop","id":89015,"parent_id":89010},{"message":"Boiler Room","id":89016,"parent_id":89010}]},{"message":"Ski Village","id":89020,"parent_id":89000,"menu":[{"message":"E.P.F.","id":100154,"parent_id":89020},{"message":"Ski Lodge","id":89022,"parent_id":89020},{"message":"Lodge Attic","id":89023,"parent_id":89020},{"message":"Ski Hill","id":89024,"parent_id":89020}]},{"message":"The Plaza","id":89030,"parent_id":89000,"menu":[{"message":"Pet Shop","id":89031,"parent_id":89030},{"message":"The Stage","id":89033,"parent_id":89030},{"message":"Pizza Parlor","id":89032,"parent_id":89030},{"message":"The Forest","id":89034,"parent_id":89030},{"message":"The Cove","id":89035,"parent_id":89030}]},{"message":"The Beach","id":89040,"parent_id":89000,"menu":[{"message":"The Lighthouse","id":89041,"parent_id":89040},{"message":"Beacon","id":89042,"parent_id":89040},{"message":"The Migrator","id":89043,"parent_id":89040}]},{"message":"Underground","id":89050,"parent_id":89000,"menu":[{"message":"The Pool","id":89051,"parent_id":89050},{"message":"The Mine","id":89052,"parent_id":89050}]},{"message":"Other","id":89080,"parent_id":89000,"menu":[{"message":"Dock","id":89081,"parent_id":89080},{"message":"Snow Forts","id":89082,"parent_id":89080},{"message":"Stadium","id":89083,"parent_id":89080},{"message":"Iceberg","id":89084,"parent_id":89080},{"message":"Mine Shack","id":89085,"parent_id":89080}]},{"message":"Your igloo","id":89086,"parent_id":89000},{"message":"My igloo","id":89087,"parent_id":89000}]}]},{"message":"Mood","id":90000,"parent_id":5,"menu":[{"message":"Good","id":90100,"parent_id":90000},{"message":"Great!","id":90200,"parent_id":90000},{"message":"All right","id":90300,"parent_id":90000},{"message":"Not bad","id":90400,"parent_id":90000}]},{"message":"Boy","id":99998,"parent_id":5},{"message":"Girl","id":99999,"parent_id":5}]},{"message":"Game","id":6,"action":"game","parent_id":null,"menu":[{"message":"Want to play a game?","id":600,"parent_id":6},{"message":"Want to play Sled Racing?","id":601,"parent_id":6},{"message":"Want to play Mancala?","id":602,"parent_id":6},{"message":"Want to play Find Four?","id":603,"parent_id":6},{"message":"Want to play Hockey?","id":604,"parent_id":6},{"message":"Good game!","id":620,"parent_id":6},{"message":"Good move!","id":630,"parent_id":6},{"message":"Play again?","id":640,"parent_id":6},{"message":"Tag!","id":650,"parent_id":6,"menu":[{"message":"Tag, you're it!","id":651,"parent_id":650},{"message":"You're it!","id":652,"parent_id":650}]},{"message":"Hide and Seek","id":660,"parent_id":6,"menu":[{"message":"I found you!","id":661,"parent_id":660},{"message":"Ready or not, here I come!","id":662,"parent_id":660},{"message":"You found me!","id":663,"parent_id":660},{"message":"10, 9, 8, 7, 6, 5, 4, 3, 2, 1!","id":664,"parent_id":660}],"wide":2}],"wide":2},{"message":"Activities","id":7,"parent_id":null,"menu":[{"message":"Tell a joke","id":701,"action":"joke","parent_id":7},{"message":"Give a tour","id":702,"action":"tour","parent_id":7},{"message":"Contest","id":736,"parent_id":7,"menu":[{"message":"Contest at my igloo","id":737,"parent_id":736}]},{"message":"Colors!","id":738,"parent_id":7,"menu":[{"message":"Everyone turn red!","id":739,"parent_id":738},{"message":"Everyone turn yellow!","id":740,"parent_id":738},{"message":"Everyone turn blue!","id":741,"parent_id":738},{"message":"Everyone turn green!","id":742,"parent_id":738},{"message":"Everyone turn pink!","id":743,"parent_id":738},{"message":"Everyone turn black!","id":744,"parent_id":738},{"message":"Everyone turn purple!","id":745,"parent_id":738},{"message":"Everyone turn orange!","id":746,"parent_id":738}],"wide":2},{"message":"Time","id":750,"parent_id":7,"menu":[{"message":"In 5 minutes","id":751,"parent_id":750},{"message":"In 10 minutes","id":752,"parent_id":750},{"message":"In 15 minutes","id":753,"parent_id":750},{"message":"In 30 minutes","id":754,"parent_id":750},{"message":"In an hour","id":755,"parent_id":750},{"message":"Today","id":756,"parent_id":750},{"message":"Tomorrow","id":757,"parent_id":750},{"message":"Yesterday","id":758,"parent_id":750}]},{"message":"Days of the week","id":790,"parent_id":7,"menu":[{"message":"Monday","id":791,"parent_id":790},{"message":"Tuesday","id":792,"parent_id":790},{"message":"Wednesday","id":793,"parent_id":790},{"message":"Thursday","id":794,"parent_id":790},{"message":"Friday","id":795,"parent_id":790},{"message":"Saturday","id":796,"parent_id":790},{"message":"Sunday","id":797,"parent_id":790}]}]},{"message":"Grub!","id":8,"parent_id":null,"menu":[{"message":"That was not nice","id":801,"parent_id":8},{"message":"Please go away","id":802,"parent_id":8},{"message":"Stop that!","id":803,"parent_id":8},{"message":"Nevermind","id":804,"parent_id":8},{"message":"Aaaaaah!","id":805,"parent_id":8},{"message":"Shiver me timbers","id":806,"parent_id":8}]},{"message":"Hurray!","id":10,"parent_id":null,"menu":[{"message":"Woo hoo!","id":851,"parent_id":10},{"message":"All right!","id":852,"parent_id":10},{"message":"Yay!","id":853,"parent_id":10},{"message":"Great performance!","id":854,"parent_id":10},{"message":"Great job!","id":855,"parent_id":10}]},{"message":"Yes","id":20,"parent_id":null},{"message":"No","id":21,"parent_id":null},{"message":"Ok","id":22,"parent_id":null}]