[{"note":"The Vikings that Time Forgot"},{"name":"Chester","message":"Hurray! The Time Travel 1000 works again!"},{"name":"Chester","message":"Oh wait... This isn't my home... Where am I?"},{"name":"Kek","message":"GRRRRRRRRRRUB!"},{"name":"Chester","message":"Oh no! YOU guys came too? What a mess!"},{"name":"Critteroo","message":"LAVA? TIKI? LAVA?"},{"name":"Chester","message":"We need to figure where... and WHEN we are"},{"name":"Kek","message":"SPIKY! SPIKY SPIKY!"},{"name":"Chester","message":"Spiky? You've never said that before"},{"name":"Vick","message":"DO RE MI FA SO!!!!"},{"name":"Chester","message":"Oh hey! It's a viking! Excuse me? Where are we?"},{"name":"Vick","message":"LA TI DO???!"},{"name":"Chester","message":"Oh no... Here we go again"},{"name":"Vick","message":"LA LA LA LA????!"},{"name":"Chester","message":"Great. A viking that speaks in opera. Perfect."},{"name":"Kek","message":"GRUB SPIKY GRUB"},{"name":"Vick","message":"FA DO MI! FA DO MI!"},{"name":"Chester","message":"Wait! Did you just say 'follow me?'"},{"name":"Vick","message":"FA DO MI!"},{"name":"Helga","message":"LA LA LA LAAAAAAA!"},{"name":"Vick","message":"DO SO DO SO!"},{"name":"Chester","message":"Oh it's another opera viking"},{"name":"Helga","message":"Why hello there!"},{"name":"Chester","message":"You speak my language??? How is that possible?"},{"name":"Helga","message":"Oh it's a funny story. I once did some time traveling..."},{"name":"Helga","message":"I bought this Time Travel Viking Hat for 10 gold"},{"name":"Chester","message":"That's what happened to me! How do I get home?"},{"name":"Helga","message":"Sorry I'm not sure. I just kept using the hat until it worked."},{"name":"Chester","message":"Oh. I see."},{"name":"Helga","message":"You're welcome to stay with us until you figure it out though!"},{"name":"Helga","message":"I'm Helga, and this is Vick the Viking King!"},{"name":"Vick","message":"MI MI MI MI!"},{"name":"Chester","message":"This is Kek, and that's Critteroo. I think."},{"name":"Kek","message":"GRUB"},{"name":"Helga","message":"Welcome. We were just rehearsing our new opera. Want to join in?"},{"name":"Chester","message":"Yeah may as well."},{"name":"Helga","message":"LA LA LA LAAAAAAAAAA!"},{"name":"Kek","message":"GRUB GRUB GRUB GRUUUUUUB!"},{"name":"Critteroo","message":"LA LA LA LAVAAAAAA!"},{"name":"Vick","message":"DO RE MI FA SO LA TI DO!"},{"name":"Chester","message":"I am SO getting a refund for this hat"},{"note":"DIRECTOR"},{"name":"Director","message":"Places please!"},{"name":"Director","message":"And... action!"},{"name":"Director","message":"Let's try that take again"},{"name":"Director","message":"Fantastic acting. Well done!"}]