[{"name":"global_content.stamp_groups.7.name","description":"global_content.stamp_groups.7.description","parent_group_id":0,"display":"global_content.stamp_groups.7.display","group_id":7,"stamps":[{"stamp_id":14,"name":"global_content.stamps.14.name","is_member":false,"rank":2,"description":"global_content.stamps.14.description","rank_token":"medium","display":"global_content.stamps.14.display"},{"stamp_id":488,"name":"global_content.stamps.488.name","is_member":false,"rank":4,"description":"global_content.stamps.488.description","rank_token":"extreme","display":"global_content.stamps.488.display"},{"stamp_id":20,"name":"global_content.stamps.20.name","is_member":false,"rank":3,"description":"global_content.stamps.20.description","rank_token":"hard","display":"global_content.stamps.20.display"},{"stamp_id":26,"name":"global_content.stamps.26.name","is_member":false,"rank":3,"description":"global_content.stamps.26.description","rank_token":"hard","display":"global_content.stamps.26.display"},{"stamp_id":493,"name":"global_content.stamps.493.name","is_member":false,"rank":3,"description":"global_content.stamps.493.description","rank_token":"hard","display":"global_content.stamps.493.display"},{"stamp_id":13,"name":"global_content.stamps.13.name","is_member":false,"rank":1,"description":"global_content.stamps.13.description","rank_token":"easy","display":"global_content.stamps.13.display"},{"stamp_id":18,"name":"global_content.stamps.18.name","is_member":false,"rank":2,"description":"global_content.stamps.18.description","rank_token":"medium","display":"global_content.stamps.18.display"},{"stamp_id":16,"name":"global_content.stamps.16.name","is_member":false,"rank":2,"description":"global_content.stamps.16.description","rank_token":"medium","display":"global_content.stamps.16.display"},{"stamp_id":492,"name":"global_content.stamps.492.name","is_member":false,"rank":2,"description":"global_content.stamps.492.description","rank_token":"medium","display":"global_content.stamps.492.display"},{"stamp_id":200,"name":"global_content.stamps.200.name","is_member":false,"rank":3,"description":"global_content.stamps.200.description","rank_token":"hard","display":"global_content.stamps.200.display"},{"stamp_id":491,"name":"global_content.stamps.491.name","is_member":false,"rank":2,"description":"global_content.stamps.491.description","rank_token":"medium","display":"global_content.stamps.491.display"},{"stamp_id":197,"name":"global_content.stamps.197.name","is_member":false,"rank":1,"description":"global_content.stamps.197.description","rank_token":"easy","display":"global_content.stamps.197.display"},{"stamp_id":490,"name":"global_content.stamps.490.name","is_member":false,"rank":2,"description":"global_content.stamps.490.description","rank_token":"medium","display":"global_content.stamps.490.display"},{"stamp_id":22,"name":"global_content.stamps.22.name","is_member":false,"rank":3,"description":"global_content.stamps.22.description","rank_token":"hard","display":"global_content.stamps.22.display"},{"stamp_id":27,"name":"global_content.stamps.27.name","is_member":false,"rank":3,"description":"global_content.stamps.27.description","rank_token":"hard","display":"global_content.stamps.27.display"},{"stamp_id":23,"name":"global_content.stamps.23.name","is_member":true,"rank":3,"description":"global_content.stamps.23.description","rank_token":"hard","display":"global_content.stamps.23.display"},{"stamp_id":12,"name":"global_content.stamps.12.name","is_member":false,"rank":1,"description":"global_content.stamps.12.description","rank_token":"easy","display":"global_content.stamps.12.display"},{"stamp_id":15,"name":"global_content.stamps.15.name","is_member":false,"rank":2,"description":"global_content.stamps.15.description","rank_token":"medium","display":"global_content.stamps.15.display"},{"stamp_id":29,"name":"global_content.stamps.29.name","is_member":false,"rank":3,"description":"global_content.stamps.29.description","rank_token":"hard","display":"global_content.stamps.29.display"},{"stamp_id":17,"name":"global_content.stamps.17.name","is_member":false,"rank":2,"description":"global_content.stamps.17.description","rank_token":"medium","display":"global_content.stamps.17.display"},{"stamp_id":201,"name":"global_content.stamps.201.name","is_member":false,"rank":4,"description":"global_content.stamps.201.description","rank_token":"extreme","display":"global_content.stamps.201.display"},{"stamp_id":30,"name":"global_content.stamps.30.name","is_member":false,"rank":4,"description":"global_content.stamps.30.description","rank_token":"extreme","display":"global_content.stamps.30.display"},{"stamp_id":28,"name":"global_content.stamps.28.name","is_member":false,"rank":4,"description":"global_content.stamps.28.description","rank_token":"extreme","display":"global_content.stamps.28.display"},{"stamp_id":19,"name":"global_content.stamps.19.name","is_member":false,"rank":2,"description":"global_content.stamps.19.description","rank_token":"medium","display":"global_content.stamps.19.display"},{"stamp_id":24,"name":"global_content.stamps.24.name","is_member":false,"rank":3,"description":"global_content.stamps.24.description","rank_token":"hard","display":"global_content.stamps.24.display"},{"stamp_id":489,"name":"global_content.stamps.489.name","is_member":false,"rank":1,"description":"global_content.stamps.489.description","rank_token":"easy","display":"global_content.stamps.489.display"},{"stamp_id":21,"name":"global_content.stamps.21.name","is_member":false,"rank":3,"description":"global_content.stamps.21.description","rank_token":"hard","display":"global_content.stamps.21.display"},{"stamp_id":11,"name":"global_content.stamps.11.name","is_member":false,"rank":1,"description":"global_content.stamps.11.description","rank_token":"easy","display":"global_content.stamps.11.display"},{"stamp_id":25,"name":"global_content.stamps.25.name","is_member":false,"rank":4,"description":"global_content.stamps.25.description","rank_token":"extreme","display":"global_content.stamps.25.display"},{"stamp_id":198,"name":"global_content.stamps.198.name","is_member":false,"rank":2,"description":"global_content.stamps.198.description","rank_token":"medium","display":"global_content.stamps.198.display"},{"stamp_id":199,"name":"global_content.stamps.199.name","is_member":false,"rank":2,"description":"global_content.stamps.199.description","rank_token":"medium","display":"global_content.stamps.199.display"},{"stamp_id":9,"name":"global_content.stamps.9.name","is_member":false,"rank":1,"description":"global_content.stamps.9.description","rank_token":"easy","display":"global_content.stamps.9.display"},{"stamp_id":495,"name":"global_content.stamps.495.name","is_member":true,"rank":1,"description":"global_content.stamps.495.description","rank_token":"easy","display":"global_content.stamps.495.display"},{"stamp_id":494,"name":"global_content.stamps.494.name","is_member":true,"rank":3,"description":"global_content.stamps.494.description","rank_token":"hard","display":"global_content.stamps.494.display"},{"stamp_id":10,"name":"global_content.stamps.10.name","is_member":false,"rank":1,"description":"global_content.stamps.10.description","rank_token":"easy","display":"global_content.stamps.10.display"}]},{"name":"global_content.stamp_groups.5.name","description":"global_content.stamp_groups.5.description","parent_group_id":0,"display":"global_content.stamp_groups.5.display","group_id":5,"stamps":[]},{"name":"global_content.stamp_groups.6.name","description":"global_content.stamp_groups.6.description","parent_group_id":5,"display":"global_content.stamp_groups.6.display","group_id":6,"stamps":[{"stamp_id":33,"name":"global_content.stamps.33.name","is_member":false,"rank":4,"description":"global_content.stamps.33.description","rank_token":"extreme","display":"global_content.stamps.33.display"},{"stamp_id":31,"name":"global_content.stamps.31.name","is_member":false,"rank":3,"description":"global_content.stamps.31.description","rank_token":"hard","display":"global_content.stamps.31.display"},{"stamp_id":32,"name":"global_content.stamps.32.name","is_member":false,"rank":3,"description":"global_content.stamps.32.description","rank_token":"hard","display":"global_content.stamps.32.display"},{"stamp_id":34,"name":"global_content.stamps.34.name","is_member":false,"rank":3,"description":"global_content.stamps.34.description","rank_token":"hard","display":"global_content.stamps.34.display"},{"stamp_id":8,"name":"global_content.stamps.8.name","is_member":false,"rank":3,"description":"global_content.stamps.8.description","rank_token":"hard","display":"global_content.stamps.8.display"},{"stamp_id":466,"name":"global_content.stamps.466.name","is_member":false,"rank":4,"description":"global_content.stamps.466.description","rank_token":"extreme","display":"global_content.stamps.466.display"},{"stamp_id":448,"name":"global_content.stamps.448.name","is_member":false,"rank":1,"description":"global_content.stamps.448.description","rank_token":"easy","display":"global_content.stamps.448.display"},{"stamp_id":35,"name":"global_content.stamps.35.name","is_member":false,"rank":3,"description":"global_content.stamps.35.description","rank_token":"hard","display":"global_content.stamps.35.display"},{"stamp_id":7,"name":"global_content.stamps.7.name","is_member":false,"rank":2,"description":"global_content.stamps.7.description","rank_token":"medium","display":"global_content.stamps.7.display"},{"stamp_id":358,"name":"global_content.stamps.358.name","is_member":false,"rank":4,"description":"global_content.stamps.358.description","rank_token":"extreme","display":"global_content.stamps.358.display"},{"stamp_id":290,"name":"global_content.stamps.290.name","is_member":false,"rank":4,"description":"global_content.stamps.290.description","rank_token":"extreme","display":"global_content.stamps.290.display"},{"stamp_id":36,"name":"global_content.stamps.36.name","is_member":false,"rank":3,"description":"global_content.stamps.36.description","rank_token":"hard","display":"global_content.stamps.36.display"}]},{"name":"global_content.stamp_groups.23.name","description":"global_content.stamp_groups.23.description","parent_group_id":5,"display":"global_content.stamp_groups.23.display","group_id":23,"stamps":[{"stamp_id":186,"name":"global_content.stamps.186.name","is_member":false,"rank":1,"description":"global_content.stamps.186.description","rank_token":"easy","display":"global_content.stamps.186.display"},{"stamp_id":189,"name":"global_content.stamps.189.name","is_member":false,"rank":1,"description":"global_content.stamps.189.description","rank_token":"easy","display":"global_content.stamps.189.display"},{"stamp_id":296,"name":"global_content.stamps.296.name","is_member":false,"rank":4,"description":"global_content.stamps.296.description","rank_token":"extreme","display":"global_content.stamps.296.display"},{"stamp_id":190,"name":"global_content.stamps.190.name","is_member":true,"rank":1,"description":"global_content.stamps.190.description","rank_token":"easy","display":"global_content.stamps.190.display"},{"stamp_id":332,"name":"global_content.stamps.332.name","is_member":false,"rank":1,"description":"global_content.stamps.332.description","rank_token":"easy","display":"global_content.stamps.332.display"},{"stamp_id":362,"name":"global_content.stamps.362.name","is_member":false,"rank":1,"description":"global_content.stamps.362.description","rank_token":"easy","display":"global_content.stamps.362.display"},{"stamp_id":182,"name":"global_content.stamps.182.name","is_member":false,"rank":2,"description":"global_content.stamps.182.description","rank_token":"medium","display":"global_content.stamps.182.display"},{"stamp_id":187,"name":"global_content.stamps.187.name","is_member":false,"rank":2,"description":"global_content.stamps.187.description","rank_token":"medium","display":"global_content.stamps.187.display"},{"stamp_id":439,"name":"global_content.stamps.439.name","is_member":false,"rank":3,"description":"global_content.stamps.439.description","rank_token":"hard","display":"global_content.stamps.439.display"},{"stamp_id":426,"name":"global_content.stamps.426.name","is_member":false,"rank":2,"description":"global_content.stamps.426.description","rank_token":"medium","display":"global_content.stamps.426.display"},{"stamp_id":360,"name":"global_content.stamps.360.name","is_member":true,"rank":2,"description":"global_content.stamps.360.description","rank_token":"medium","display":"global_content.stamps.360.display"},{"stamp_id":292,"name":"global_content.stamps.292.name","is_member":false,"rank":1,"description":"global_content.stamps.292.description","rank_token":"easy","display":"global_content.stamps.292.display"},{"stamp_id":330,"name":"global_content.stamps.330.name","is_member":false,"rank":0,"description":"global_content.stamps.330.description","rank_token":"none specified","display":"global_content.stamps.330.display"},{"stamp_id":183,"name":"global_content.stamps.183.name","is_member":false,"rank":2,"description":"global_content.stamps.183.description","rank_token":"medium","display":"global_content.stamps.183.display"},{"stamp_id":193,"name":"global_content.stamps.193.name","is_member":false,"rank":2,"description":"global_content.stamps.193.description","rank_token":"medium","display":"global_content.stamps.193.display"},{"stamp_id":188,"name":"global_content.stamps.188.name","is_member":false,"rank":2,"description":"global_content.stamps.188.description","rank_token":"medium","display":"global_content.stamps.188.display"},{"stamp_id":184,"name":"global_content.stamps.184.name","is_member":false,"rank":1,"description":"global_content.stamps.184.description","rank_token":"easy","display":"global_content.stamps.184.display"},{"stamp_id":440,"name":"global_content.stamps.440.name","is_member":true,"rank":1,"description":"global_content.stamps.440.description","rank_token":"easy","display":"global_content.stamps.440.display"},{"stamp_id":438,"name":"global_content.stamps.438.name","is_member":false,"rank":3,"description":"global_content.stamps.438.description","rank_token":"hard","display":"global_content.stamps.438.display"},{"stamp_id":185,"name":"global_content.stamps.185.name","is_member":false,"rank":2,"description":"global_content.stamps.185.description","rank_token":"medium","display":"global_content.stamps.185.display"},{"stamp_id":294,"name":"global_content.stamps.294.name","is_member":false,"rank":3,"description":"global_content.stamps.294.description","rank_token":"hard","display":"global_content.stamps.294.display"},{"stamp_id":364,"name":"global_content.stamps.364.name","is_member":false,"rank":2,"description":"global_content.stamps.364.description","rank_token":"medium","display":"global_content.stamps.364.display"},{"stamp_id":444,"name":"global_content.stamps.444.name","is_member":false,"rank":2,"description":"global_content.stamps.444.description","rank_token":"medium","display":"global_content.stamps.444.display"},{"stamp_id":191,"name":"global_content.stamps.191.name","is_member":false,"rank":1,"description":"global_content.stamps.191.description","rank_token":"easy","display":"global_content.stamps.191.display"}]},{"name":"global_content.stamp_groups.8.name","description":"global_content.stamp_groups.8.description","parent_group_id":0,"display":"global_content.stamp_groups.8.display","group_id":8,"stamps":[]},{"name":"global_content.stamp_groups.13.name","description":"global_content.stamp_groups.13.description","parent_group_id":8,"display":"global_content.stamp_groups.13.display","group_id":13,"stamps":[{"stamp_id":73,"name":"global_content.stamps.73.name","is_member":false,"rank":1,"description":"global_content.stamps.73.description","rank_token":"easy","display":"global_content.stamps.73.display"},{"stamp_id":80,"name":"global_content.stamps.80.name","is_member":false,"rank":2,"description":"global_content.stamps.80.description","rank_token":"medium","display":"global_content.stamps.80.display"},{"stamp_id":84,"name":"global_content.stamps.84.name","is_member":false,"rank":3,"description":"global_content.stamps.84.description","rank_token":"hard","display":"global_content.stamps.84.display"},{"stamp_id":77,"name":"global_content.stamps.77.name","is_member":false,"rank":2,"description":"global_content.stamps.77.description","rank_token":"medium","display":"global_content.stamps.77.display"},{"stamp_id":86,"name":"global_content.stamps.86.name","is_member":false,"rank":3,"description":"global_content.stamps.86.description","rank_token":"hard","display":"global_content.stamps.86.display"},{"stamp_id":75,"name":"global_content.stamps.75.name","is_member":false,"rank":2,"description":"global_content.stamps.75.description","rank_token":"medium","display":"global_content.stamps.75.display"},{"stamp_id":88,"name":"global_content.stamps.88.name","is_member":false,"rank":3,"description":"global_content.stamps.88.description","rank_token":"hard","display":"global_content.stamps.88.display"},{"stamp_id":82,"name":"global_content.stamps.82.name","is_member":false,"rank":3,"description":"global_content.stamps.82.description","rank_token":"hard","display":"global_content.stamps.82.display"},{"stamp_id":91,"name":"global_content.stamps.91.name","is_member":true,"rank":3,"description":"global_content.stamps.91.description","rank_token":"hard","display":"global_content.stamps.91.display"},{"stamp_id":78,"name":"global_content.stamps.78.name","is_member":true,"rank":2,"description":"global_content.stamps.78.description","rank_token":"medium","display":"global_content.stamps.78.display"},{"stamp_id":79,"name":"global_content.stamps.79.name","is_member":true,"rank":2,"description":"global_content.stamps.79.description","rank_token":"medium","display":"global_content.stamps.79.display"},{"stamp_id":92,"name":"global_content.stamps.92.name","is_member":true,"rank":4,"description":"global_content.stamps.92.description","rank_token":"extreme","display":"global_content.stamps.92.display"},{"stamp_id":81,"name":"global_content.stamps.81.name","is_member":false,"rank":2,"description":"global_content.stamps.81.description","rank_token":"medium","display":"global_content.stamps.81.display"},{"stamp_id":85,"name":"global_content.stamps.85.name","is_member":true,"rank":3,"description":"global_content.stamps.85.description","rank_token":"hard","display":"global_content.stamps.85.display"},{"stamp_id":76,"name":"global_content.stamps.76.name","is_member":true,"rank":2,"description":"global_content.stamps.76.description","rank_token":"medium","display":"global_content.stamps.76.display"},{"stamp_id":87,"name":"global_content.stamps.87.name","is_member":true,"rank":3,"description":"global_content.stamps.87.description","rank_token":"hard","display":"global_content.stamps.87.display"},{"stamp_id":74,"name":"global_content.stamps.74.name","is_member":true,"rank":2,"description":"global_content.stamps.74.description","rank_token":"medium","display":"global_content.stamps.74.display"},{"stamp_id":89,"name":"global_content.stamps.89.name","is_member":true,"rank":3,"description":"global_content.stamps.89.description","rank_token":"hard","display":"global_content.stamps.89.display"},{"stamp_id":83,"name":"global_content.stamps.83.name","is_member":true,"rank":3,"description":"global_content.stamps.83.description","rank_token":"hard","display":"global_content.stamps.83.display"},{"stamp_id":72,"name":"global_content.stamps.72.name","is_member":false,"rank":1,"description":"global_content.stamps.72.description","rank_token":"easy","display":"global_content.stamps.72.display"}]},{"name":"global_content.stamp_groups.14.name","description":"global_content.stamp_groups.14.description","parent_group_id":8,"display":"global_content.stamp_groups.14.display","group_id":14,"stamps":[{"stamp_id":55,"name":"global_content.stamps.55.name","is_member":true,"rank":2,"description":"global_content.stamps.55.description","rank_token":"medium","display":"global_content.stamps.55.display"},{"stamp_id":61,"name":"global_content.stamps.61.name","is_member":true,"rank":3,"description":"global_content.stamps.61.description","rank_token":"hard","display":"global_content.stamps.61.display"},{"stamp_id":59,"name":"global_content.stamps.59.name","is_member":true,"rank":3,"description":"global_content.stamps.59.description","rank_token":"hard","display":"global_content.stamps.59.display"},{"stamp_id":62,"name":"global_content.stamps.62.name","is_member":true,"rank":4,"description":"global_content.stamps.62.description","rank_token":"extreme","display":"global_content.stamps.62.display"},{"stamp_id":56,"name":"global_content.stamps.56.name","is_member":true,"rank":2,"description":"global_content.stamps.56.description","rank_token":"medium","display":"global_content.stamps.56.display"},{"stamp_id":57,"name":"global_content.stamps.57.name","is_member":true,"rank":2,"description":"global_content.stamps.57.description","rank_token":"medium","display":"global_content.stamps.57.display"},{"stamp_id":58,"name":"global_content.stamps.58.name","is_member":true,"rank":2,"description":"global_content.stamps.58.description","rank_token":"medium","display":"global_content.stamps.58.display"},{"stamp_id":60,"name":"global_content.stamps.60.name","is_member":true,"rank":3,"description":"global_content.stamps.60.description","rank_token":"hard","display":"global_content.stamps.60.display"},{"stamp_id":53,"name":"global_content.stamps.53.name","is_member":true,"rank":2,"description":"global_content.stamps.53.description","rank_token":"medium","display":"global_content.stamps.53.display"},{"stamp_id":51,"name":"global_content.stamps.51.name","is_member":false,"rank":1,"description":"global_content.stamps.51.description","rank_token":"easy","display":"global_content.stamps.51.display"},{"stamp_id":52,"name":"global_content.stamps.52.name","is_member":false,"rank":1,"description":"global_content.stamps.52.description","rank_token":"easy","display":"global_content.stamps.52.display"},{"stamp_id":54,"name":"global_content.stamps.54.name","is_member":true,"rank":2,"description":"global_content.stamps.54.description","rank_token":"medium","display":"global_content.stamps.54.display"}]},{"name":"global_content.stamp_groups.38.name","description":"global_content.stamp_groups.38.description","parent_group_id":8,"display":"global_content.stamp_groups.38.display","group_id":38,"stamps":[{"stamp_id":242,"name":"global_content.stamps.242.name","is_member":false,"rank":1,"description":"global_content.stamps.242.description","rank_token":"easy","display":"global_content.stamps.242.display"},{"stamp_id":232,"name":"global_content.stamps.232.name","is_member":false,"rank":2,"description":"global_content.stamps.232.description","rank_token":"medium","display":"global_content.stamps.232.display"},{"stamp_id":238,"name":"global_content.stamps.238.name","is_member":false,"rank":2,"description":"global_content.stamps.238.description","rank_token":"medium","display":"global_content.stamps.238.display"},{"stamp_id":248,"name":"global_content.stamps.248.name","is_member":false,"rank":4,"description":"global_content.stamps.248.description","rank_token":"extreme","display":"global_content.stamps.248.display"},{"stamp_id":230,"name":"global_content.stamps.230.name","is_member":false,"rank":1,"description":"global_content.stamps.230.description","rank_token":"easy","display":"global_content.stamps.230.display"},{"stamp_id":240,"name":"global_content.stamps.240.name","is_member":false,"rank":3,"description":"global_content.stamps.240.description","rank_token":"hard","display":"global_content.stamps.240.display"},{"stamp_id":236,"name":"global_content.stamps.236.name","is_member":false,"rank":3,"description":"global_content.stamps.236.description","rank_token":"hard","display":"global_content.stamps.236.display"},{"stamp_id":244,"name":"global_content.stamps.244.name","is_member":false,"rank":2,"description":"global_content.stamps.244.description","rank_token":"medium","display":"global_content.stamps.244.display"},{"stamp_id":246,"name":"global_content.stamps.246.name","is_member":false,"rank":4,"description":"global_content.stamps.246.description","rank_token":"extreme","display":"global_content.stamps.246.display"},{"stamp_id":234,"name":"global_content.stamps.234.name","is_member":false,"rank":3,"description":"global_content.stamps.234.description","rank_token":"hard","display":"global_content.stamps.234.display"}]},{"name":"global_content.stamp_groups.32.name","description":"global_content.stamp_groups.32.description","parent_group_id":8,"display":"global_content.stamp_groups.32.display","group_id":32,"stamps":[{"stamp_id":268,"name":"global_content.stamps.268.name","is_member":false,"rank":4,"description":"global_content.stamps.268.description","rank_token":"extreme","display":"global_content.stamps.268.display"},{"stamp_id":256,"name":"global_content.stamps.256.name","is_member":false,"rank":2,"description":"global_content.stamps.256.description","rank_token":"medium","display":"global_content.stamps.256.display"},{"stamp_id":264,"name":"global_content.stamps.264.name","is_member":false,"rank":3,"description":"global_content.stamps.264.description","rank_token":"hard","display":"global_content.stamps.264.display"},{"stamp_id":262,"name":"global_content.stamps.262.name","is_member":false,"rank":3,"description":"global_content.stamps.262.description","rank_token":"hard","display":"global_content.stamps.262.display"},{"stamp_id":266,"name":"global_content.stamps.266.name","is_member":false,"rank":4,"description":"global_content.stamps.266.description","rank_token":"extreme","display":"global_content.stamps.266.display"},{"stamp_id":254,"name":"global_content.stamps.254.name","is_member":false,"rank":1,"description":"global_content.stamps.254.description","rank_token":"easy","display":"global_content.stamps.254.display"},{"stamp_id":260,"name":"global_content.stamps.260.name","is_member":false,"rank":3,"description":"global_content.stamps.260.description","rank_token":"hard","display":"global_content.stamps.260.display"},{"stamp_id":252,"name":"global_content.stamps.252.name","is_member":false,"rank":1,"description":"global_content.stamps.252.description","rank_token":"easy","display":"global_content.stamps.252.display"}]},{"name":"global_content.stamp_groups.60.name","description":"global_content.stamp_groups.60.description","parent_group_id":8,"display":"global_content.stamp_groups.60.display","group_id":60,"stamps":[{"stamp_id":485,"name":"global_content.stamps.485.name","is_member":false,"rank":3,"description":"global_content.stamps.485.description","rank_token":"hard","display":"global_content.stamps.485.display"},{"stamp_id":467,"name":"global_content.stamps.467.name","is_member":false,"rank":2,"description":"global_content.stamps.467.description","rank_token":"medium","display":"global_content.stamps.467.display"},{"stamp_id":468,"name":"global_content.stamps.468.name","is_member":false,"rank":3,"description":"global_content.stamps.468.description","rank_token":"hard","display":"global_content.stamps.468.display"},{"stamp_id":473,"name":"global_content.stamps.473.name","is_member":false,"rank":4,"description":"global_content.stamps.473.description","rank_token":"extreme","display":"global_content.stamps.473.display"},{"stamp_id":486,"name":"global_content.stamps.486.name","is_member":false,"rank":4,"description":"global_content.stamps.486.description","rank_token":"extreme","display":"global_content.stamps.486.display"},{"stamp_id":482,"name":"global_content.stamps.482.name","is_member":false,"rank":3,"description":"global_content.stamps.482.description","rank_token":"hard","display":"global_content.stamps.482.display"},{"stamp_id":483,"name":"global_content.stamps.483.name","is_member":false,"rank":3,"description":"global_content.stamps.483.description","rank_token":"hard","display":"global_content.stamps.483.display"},{"stamp_id":470,"name":"global_content.stamps.470.name","is_member":false,"rank":0,"description":"global_content.stamps.470.description","rank_token":"none specified","display":"global_content.stamps.470.display"},{"stamp_id":472,"name":"global_content.stamps.472.name","is_member":false,"rank":4,"description":"global_content.stamps.472.description","rank_token":"extreme","display":"global_content.stamps.472.display"},{"stamp_id":477,"name":"global_content.stamps.477.name","is_member":false,"rank":3,"description":"global_content.stamps.477.description","rank_token":"hard","display":"global_content.stamps.477.display"},{"stamp_id":478,"name":"global_content.stamps.478.name","is_member":false,"rank":2,"description":"global_content.stamps.478.description","rank_token":"medium","display":"global_content.stamps.478.display"},{"stamp_id":484,"name":"global_content.stamps.484.name","is_member":false,"rank":2,"description":"global_content.stamps.484.description","rank_token":"medium","display":"global_content.stamps.484.display"},{"stamp_id":474,"name":"global_content.stamps.474.name","is_member":false,"rank":1,"description":"global_content.stamps.474.description","rank_token":"easy","display":"global_content.stamps.474.display"},{"stamp_id":469,"name":"global_content.stamps.469.name","is_member":false,"rank":1,"description":"global_content.stamps.469.description","rank_token":"easy","display":"global_content.stamps.469.display"},{"stamp_id":487,"name":"global_content.stamps.487.name","is_member":false,"rank":2,"description":"global_content.stamps.487.description","rank_token":"medium","display":"global_content.stamps.487.display"},{"stamp_id":479,"name":"global_content.stamps.479.name","is_member":false,"rank":2,"description":"global_content.stamps.479.description","rank_token":"medium","display":"global_content.stamps.479.display"},{"stamp_id":476,"name":"global_content.stamps.476.name","is_member":false,"rank":3,"description":"global_content.stamps.476.description","rank_token":"hard","display":"global_content.stamps.476.display"},{"stamp_id":480,"name":"global_content.stamps.480.name","is_member":false,"rank":3,"description":"global_content.stamps.480.description","rank_token":"hard","display":"global_content.stamps.480.display"},{"stamp_id":475,"name":"global_content.stamps.475.name","is_member":false,"rank":2,"description":"global_content.stamps.475.description","rank_token":"medium","display":"global_content.stamps.475.display"},{"stamp_id":471,"name":"global_content.stamps.471.name","is_member":false,"rank":1,"description":"global_content.stamps.471.description","rank_token":"easy","display":"global_content.stamps.471.display"},{"stamp_id":481,"name":"global_content.stamps.481.name","is_member":false,"rank":2,"description":"global_content.stamps.481.description","rank_token":"medium","display":"global_content.stamps.481.display"}]},{"name":"global_content.stamp_groups.34.name","description":"global_content.stamp_groups.34.description","parent_group_id":8,"display":"global_content.stamp_groups.34.display","group_id":34,"stamps":[{"stamp_id":270,"name":"global_content.stamps.270.name","is_member":false,"rank":1,"description":"global_content.stamps.270.description","rank_token":"easy","display":"global_content.stamps.270.display"},{"stamp_id":288,"name":"global_content.stamps.288.name","is_member":false,"rank":4,"description":"global_content.stamps.288.description","rank_token":"extreme","display":"global_content.stamps.288.display"},{"stamp_id":286,"name":"global_content.stamps.286.name","is_member":false,"rank":4,"description":"global_content.stamps.286.description","rank_token":"extreme","display":"global_content.stamps.286.display"},{"stamp_id":276,"name":"global_content.stamps.276.name","is_member":false,"rank":2,"description":"global_content.stamps.276.description","rank_token":"medium","display":"global_content.stamps.276.display"},{"stamp_id":278,"name":"global_content.stamps.278.name","is_member":false,"rank":2,"description":"global_content.stamps.278.description","rank_token":"medium","display":"global_content.stamps.278.display"},{"stamp_id":284,"name":"global_content.stamps.284.name","is_member":false,"rank":3,"description":"global_content.stamps.284.description","rank_token":"hard","display":"global_content.stamps.284.display"},{"stamp_id":282,"name":"global_content.stamps.282.name","is_member":false,"rank":3,"description":"global_content.stamps.282.description","rank_token":"hard","display":"global_content.stamps.282.display"},{"stamp_id":274,"name":"global_content.stamps.274.name","is_member":false,"rank":1,"description":"global_content.stamps.274.description","rank_token":"easy","display":"global_content.stamps.274.display"}]},{"name":"global_content.stamp_groups.28.name","description":"global_content.stamp_groups.28.description","parent_group_id":8,"display":"global_content.stamp_groups.28.display","group_id":28,"stamps":[{"stamp_id":208,"name":"global_content.stamps.208.name","is_member":false,"rank":3,"description":"global_content.stamps.208.description","rank_token":"hard","display":"global_content.stamps.208.display"},{"stamp_id":210,"name":"global_content.stamps.210.name","is_member":false,"rank":4,"description":"global_content.stamps.210.description","rank_token":"extreme","display":"global_content.stamps.210.display"},{"stamp_id":206,"name":"global_content.stamps.206.name","is_member":false,"rank":2,"description":"global_content.stamps.206.description","rank_token":"medium","display":"global_content.stamps.206.display"},{"stamp_id":224,"name":"global_content.stamps.224.name","is_member":false,"rank":3,"description":"global_content.stamps.224.description","rank_token":"hard","display":"global_content.stamps.224.display"},{"stamp_id":212,"name":"global_content.stamps.212.name","is_member":false,"rank":1,"description":"global_content.stamps.212.description","rank_token":"easy","display":"global_content.stamps.212.display"},{"stamp_id":220,"name":"global_content.stamps.220.name","is_member":false,"rank":3,"description":"global_content.stamps.220.description","rank_token":"hard","display":"global_content.stamps.220.display"},{"stamp_id":214,"name":"global_content.stamps.214.name","is_member":false,"rank":2,"description":"global_content.stamps.214.description","rank_token":"medium","display":"global_content.stamps.214.display"},{"stamp_id":216,"name":"global_content.stamps.216.name","is_member":false,"rank":2,"description":"global_content.stamps.216.description","rank_token":"medium","display":"global_content.stamps.216.display"},{"stamp_id":228,"name":"global_content.stamps.228.name","is_member":false,"rank":2,"description":"global_content.stamps.228.description","rank_token":"medium","display":"global_content.stamps.228.display"},{"stamp_id":222,"name":"global_content.stamps.222.name","is_member":false,"rank":3,"description":"global_content.stamps.222.description","rank_token":"hard","display":"global_content.stamps.222.display"},{"stamp_id":218,"name":"global_content.stamps.218.name","is_member":false,"rank":2,"description":"global_content.stamps.218.description","rank_token":"medium","display":"global_content.stamps.218.display"},{"stamp_id":226,"name":"global_content.stamps.226.name","is_member":false,"rank":3,"description":"global_content.stamps.226.description","rank_token":"hard","display":"global_content.stamps.226.display"}]},{"name":"global_content.stamp_groups.15.name","description":"global_content.stamp_groups.15.description","parent_group_id":8,"display":"global_content.stamp_groups.15.display","group_id":15,"stamps":[{"stamp_id":95,"name":"global_content.stamps.95.name","is_member":false,"rank":1,"description":"global_content.stamps.95.description","rank_token":"easy","display":"global_content.stamps.95.display"},{"stamp_id":97,"name":"global_content.stamps.97.name","is_member":false,"rank":1,"description":"global_content.stamps.97.description","rank_token":"easy","display":"global_content.stamps.97.display"},{"stamp_id":102,"name":"global_content.stamps.102.name","is_member":false,"rank":2,"description":"global_content.stamps.102.description","rank_token":"medium","display":"global_content.stamps.102.display"},{"stamp_id":104,"name":"global_content.stamps.104.name","is_member":false,"rank":1,"description":"global_content.stamps.104.description","rank_token":"easy","display":"global_content.stamps.104.display"},{"stamp_id":96,"name":"global_content.stamps.96.name","is_member":false,"rank":1,"description":"global_content.stamps.96.description","rank_token":"easy","display":"global_content.stamps.96.display"},{"stamp_id":108,"name":"global_content.stamps.108.name","is_member":true,"rank":3,"description":"global_content.stamps.108.description","rank_token":"hard","display":"global_content.stamps.108.display"},{"stamp_id":93,"name":"global_content.stamps.93.name","is_member":false,"rank":1,"description":"global_content.stamps.93.description","rank_token":"easy","display":"global_content.stamps.93.display"},{"stamp_id":101,"name":"global_content.stamps.101.name","is_member":false,"rank":2,"description":"global_content.stamps.101.description","rank_token":"medium","display":"global_content.stamps.101.display"},{"stamp_id":98,"name":"global_content.stamps.98.name","is_member":false,"rank":1,"description":"global_content.stamps.98.description","rank_token":"easy","display":"global_content.stamps.98.display"},{"stamp_id":110,"name":"global_content.stamps.110.name","is_member":true,"rank":3,"description":"global_content.stamps.110.description","rank_token":"hard","display":"global_content.stamps.110.display"},{"stamp_id":109,"name":"global_content.stamps.109.name","is_member":true,"rank":3,"description":"global_content.stamps.109.description","rank_token":"hard","display":"global_content.stamps.109.display"},{"stamp_id":107,"name":"global_content.stamps.107.name","is_member":true,"rank":3,"description":"global_content.stamps.107.description","rank_token":"hard","display":"global_content.stamps.107.display"},{"stamp_id":112,"name":"global_content.stamps.112.name","is_member":false,"rank":3,"description":"global_content.stamps.112.description","rank_token":"hard","display":"global_content.stamps.112.display"},{"stamp_id":111,"name":"global_content.stamps.111.name","is_member":false,"rank":3,"description":"global_content.stamps.111.description","rank_token":"hard","display":"global_content.stamps.111.display"},{"stamp_id":100,"name":"global_content.stamps.100.name","is_member":true,"rank":2,"description":"global_content.stamps.100.description","rank_token":"medium","display":"global_content.stamps.100.display"},{"stamp_id":94,"name":"global_content.stamps.94.name","is_member":false,"rank":1,"description":"global_content.stamps.94.description","rank_token":"easy","display":"global_content.stamps.94.display"},{"stamp_id":113,"name":"global_content.stamps.113.name","is_member":true,"rank":4,"description":"global_content.stamps.113.description","rank_token":"extreme","display":"global_content.stamps.113.display"},{"stamp_id":106,"name":"global_content.stamps.106.name","is_member":false,"rank":2,"description":"global_content.stamps.106.description","rank_token":"medium","display":"global_content.stamps.106.display"},{"stamp_id":105,"name":"global_content.stamps.105.name","is_member":false,"rank":2,"description":"global_content.stamps.105.description","rank_token":"medium","display":"global_content.stamps.105.display"},{"stamp_id":103,"name":"global_content.stamps.103.name","is_member":false,"rank":2,"description":"global_content.stamps.103.description","rank_token":"medium","display":"global_content.stamps.103.display"},{"stamp_id":114,"name":"global_content.stamps.114.name","is_member":true,"rank":4,"description":"global_content.stamps.114.description","rank_token":"extreme","display":"global_content.stamps.114.display"},{"stamp_id":99,"name":"global_content.stamps.99.name","is_member":false,"rank":2,"description":"global_content.stamps.99.description","rank_token":"medium","display":"global_content.stamps.99.display"}]},{"name":"global_content.stamp_groups.52.name","description":"global_content.stamp_groups.52.description","parent_group_id":8,"display":"global_content.stamp_groups.52.display","group_id":52,"stamps":[{"stamp_id":390,"name":"global_content.stamps.390.name","is_member":true,"rank":4,"description":"global_content.stamps.390.description","rank_token":"extreme","display":"global_content.stamps.390.display"},{"stamp_id":382,"name":"global_content.stamps.382.name","is_member":false,"rank":3,"description":"global_content.stamps.382.description","rank_token":"hard","display":"global_content.stamps.382.display"},{"stamp_id":380,"name":"global_content.stamps.380.name","is_member":false,"rank":3,"description":"global_content.stamps.380.description","rank_token":"hard","display":"global_content.stamps.380.display"},{"stamp_id":376,"name":"global_content.stamps.376.name","is_member":false,"rank":2,"description":"global_content.stamps.376.description","rank_token":"medium","display":"global_content.stamps.376.display"},{"stamp_id":388,"name":"global_content.stamps.388.name","is_member":false,"rank":3,"description":"global_content.stamps.388.description","rank_token":"hard","display":"global_content.stamps.388.display"},{"stamp_id":384,"name":"global_content.stamps.384.name","is_member":true,"rank":3,"description":"global_content.stamps.384.description","rank_token":"hard","display":"global_content.stamps.384.display"},{"stamp_id":386,"name":"global_content.stamps.386.name","is_member":false,"rank":3,"description":"global_content.stamps.386.description","rank_token":"hard","display":"global_content.stamps.386.display"},{"stamp_id":374,"name":"global_content.stamps.374.name","is_member":false,"rank":2,"description":"global_content.stamps.374.description","rank_token":"medium","display":"global_content.stamps.374.display"},{"stamp_id":372,"name":"global_content.stamps.372.name","is_member":false,"rank":1,"description":"global_content.stamps.372.description","rank_token":"easy","display":"global_content.stamps.372.display"},{"stamp_id":378,"name":"global_content.stamps.378.name","is_member":false,"rank":3,"description":"global_content.stamps.378.description","rank_token":"hard","display":"global_content.stamps.378.display"}]},{"name":"global_content.stamp_groups.11.name","description":"global_content.stamp_groups.11.description","parent_group_id":8,"display":"global_content.stamp_groups.11.display","group_id":11,"stamps":[{"stamp_id":49,"name":"global_content.stamps.49.name","is_member":true,"rank":3,"description":"global_content.stamps.49.description","rank_token":"hard","display":"global_content.stamps.49.display"},{"stamp_id":45,"name":"global_content.stamps.45.name","is_member":true,"rank":2,"description":"global_content.stamps.45.description","rank_token":"medium","display":"global_content.stamps.45.display"},{"stamp_id":50,"name":"global_content.stamps.50.name","is_member":true,"rank":4,"description":"global_content.stamps.50.description","rank_token":"extreme","display":"global_content.stamps.50.display"},{"stamp_id":40,"name":"global_content.stamps.40.name","is_member":true,"rank":2,"description":"global_content.stamps.40.description","rank_token":"medium","display":"global_content.stamps.40.display"},{"stamp_id":47,"name":"global_content.stamps.47.name","is_member":true,"rank":3,"description":"global_content.stamps.47.description","rank_token":"hard","display":"global_content.stamps.47.display"},{"stamp_id":38,"name":"global_content.stamps.38.name","is_member":false,"rank":1,"description":"global_content.stamps.38.description","rank_token":"easy","display":"global_content.stamps.38.display"},{"stamp_id":41,"name":"global_content.stamps.41.name","is_member":true,"rank":2,"description":"global_content.stamps.41.description","rank_token":"medium","display":"global_content.stamps.41.display"},{"stamp_id":42,"name":"global_content.stamps.42.name","is_member":true,"rank":2,"description":"global_content.stamps.42.description","rank_token":"medium","display":"global_content.stamps.42.display"},{"stamp_id":43,"name":"global_content.stamps.43.name","is_member":true,"rank":2,"description":"global_content.stamps.43.description","rank_token":"medium","display":"global_content.stamps.43.display"},{"stamp_id":44,"name":"global_content.stamps.44.name","is_member":true,"rank":2,"description":"global_content.stamps.44.description","rank_token":"medium","display":"global_content.stamps.44.display"},{"stamp_id":48,"name":"global_content.stamps.48.name","is_member":false,"rank":3,"description":"global_content.stamps.48.description","rank_token":"hard","display":"global_content.stamps.48.display"},{"stamp_id":39,"name":"global_content.stamps.39.name","is_member":true,"rank":2,"description":"global_content.stamps.39.description","rank_token":"medium","display":"global_content.stamps.39.display"},{"stamp_id":46,"name":"global_content.stamps.46.name","is_member":true,"rank":3,"description":"global_content.stamps.46.description","rank_token":"hard","display":"global_content.stamps.46.display"},{"stamp_id":37,"name":"global_content.stamps.37.name","is_member":false,"rank":1,"description":"global_content.stamps.37.description","rank_token":"easy","display":"global_content.stamps.37.display"},{"stamp_id":203,"name":"global_content.stamps.203.name","is_member":true,"rank":2,"description":"global_content.stamps.203.description","rank_token":"medium","display":"global_content.stamps.203.display"},{"stamp_id":205,"name":"global_content.stamps.205.name","is_member":false,"rank":4,"description":"global_content.stamps.205.description","rank_token":"extreme","display":"global_content.stamps.205.display"},{"stamp_id":202,"name":"global_content.stamps.202.name","is_member":false,"rank":1,"description":"global_content.stamps.202.description","rank_token":"easy","display":"global_content.stamps.202.display"},{"stamp_id":204,"name":"global_content.stamps.204.name","is_member":true,"rank":3,"description":"global_content.stamps.204.description","rank_token":"hard","display":"global_content.stamps.204.display"}]},{"name":"global_content.stamp_groups.22.name","description":"global_content.stamp_groups.22.description","parent_group_id":8,"display":"global_content.stamp_groups.22.display","group_id":22,"stamps":[{"stamp_id":160,"name":"global_content.stamps.160.name","is_member":false,"rank":0,"description":"global_content.stamps.160.description","rank_token":"none specified","display":"global_content.stamps.160.display"},{"stamp_id":170,"name":"global_content.stamps.170.name","is_member":false,"rank":0,"description":"global_content.stamps.170.description","rank_token":"none specified","display":"global_content.stamps.170.display"},{"stamp_id":176,"name":"global_content.stamps.176.name","is_member":false,"rank":0,"description":"global_content.stamps.176.description","rank_token":"none specified","display":"global_content.stamps.176.display"},{"stamp_id":174,"name":"global_content.stamps.174.name","is_member":false,"rank":0,"description":"global_content.stamps.174.description","rank_token":"none specified","display":"global_content.stamps.174.display"},{"stamp_id":178,"name":"global_content.stamps.178.name","is_member":false,"rank":0,"description":"global_content.stamps.178.description","rank_token":"none specified","display":"global_content.stamps.178.display"},{"stamp_id":162,"name":"global_content.stamps.162.name","is_member":false,"rank":0,"description":"global_content.stamps.162.description","rank_token":"none specified","display":"global_content.stamps.162.display"},{"stamp_id":166,"name":"global_content.stamps.166.name","is_member":false,"rank":0,"description":"global_content.stamps.166.description","rank_token":"none specified","display":"global_content.stamps.166.display"},{"stamp_id":159,"name":"global_content.stamps.159.name","is_member":false,"rank":0,"description":"global_content.stamps.159.description","rank_token":"none specified","display":"global_content.stamps.159.display"},{"stamp_id":177,"name":"global_content.stamps.177.name","is_member":false,"rank":0,"description":"global_content.stamps.177.description","rank_token":"none specified","display":"global_content.stamps.177.display"},{"stamp_id":179,"name":"global_content.stamps.179.name","is_member":false,"rank":0,"description":"global_content.stamps.179.description","rank_token":"none specified","display":"global_content.stamps.179.display"},{"stamp_id":161,"name":"global_content.stamps.161.name","is_member":false,"rank":0,"description":"global_content.stamps.161.description","rank_token":"none specified","display":"global_content.stamps.161.display"},{"stamp_id":163,"name":"global_content.stamps.163.name","is_member":false,"rank":0,"description":"global_content.stamps.163.description","rank_token":"none specified","display":"global_content.stamps.163.display"},{"stamp_id":165,"name":"global_content.stamps.165.name","is_member":false,"rank":0,"description":"global_content.stamps.165.description","rank_token":"none specified","display":"global_content.stamps.165.display"},{"stamp_id":167,"name":"global_content.stamps.167.name","is_member":false,"rank":0,"description":"global_content.stamps.167.description","rank_token":"none specified","display":"global_content.stamps.167.display"},{"stamp_id":169,"name":"global_content.stamps.169.name","is_member":false,"rank":0,"description":"global_content.stamps.169.description","rank_token":"none specified","display":"global_content.stamps.169.display"},{"stamp_id":171,"name":"global_content.stamps.171.name","is_member":false,"rank":0,"description":"global_content.stamps.171.description","rank_token":"none specified","display":"global_content.stamps.171.display"},{"stamp_id":173,"name":"global_content.stamps.173.name","is_member":false,"rank":0,"description":"global_content.stamps.173.description","rank_token":"none specified","display":"global_content.stamps.173.display"},{"stamp_id":175,"name":"global_content.stamps.175.name","is_member":false,"rank":0,"description":"global_content.stamps.175.description","rank_token":"none specified","display":"global_content.stamps.175.display"},{"stamp_id":172,"name":"global_content.stamps.172.name","is_member":false,"rank":0,"description":"global_content.stamps.172.description","rank_token":"none specified","display":"global_content.stamps.172.display"},{"stamp_id":168,"name":"global_content.stamps.168.name","is_member":false,"rank":0,"description":"global_content.stamps.168.description","rank_token":"none specified","display":"global_content.stamps.168.display"},{"stamp_id":180,"name":"global_content.stamps.180.name","is_member":false,"rank":0,"description":"global_content.stamps.180.description","rank_token":"none specified","display":"global_content.stamps.180.display"},{"stamp_id":164,"name":"global_content.stamps.164.name","is_member":false,"rank":0,"description":"global_content.stamps.164.description","rank_token":"none specified","display":"global_content.stamps.164.display"}]},{"name":"global_content.stamp_groups.54.name","description":"global_content.stamp_groups.54.description","parent_group_id":8,"display":"global_content.stamp_groups.54.display","group_id":54,"stamps":[{"stamp_id":404,"name":"global_content.stamps.404.name","is_member":false,"rank":3,"description":"global_content.stamps.404.description","rank_token":"hard","display":"global_content.stamps.404.display"},{"stamp_id":396,"name":"global_content.stamps.396.name","is_member":false,"rank":2,"description":"global_content.stamps.396.description","rank_token":"medium","display":"global_content.stamps.396.display"},{"stamp_id":400,"name":"global_content.stamps.400.name","is_member":false,"rank":2,"description":"global_content.stamps.400.description","rank_token":"medium","display":"global_content.stamps.400.display"},{"stamp_id":410,"name":"global_content.stamps.410.name","is_member":false,"rank":4,"description":"global_content.stamps.410.description","rank_token":"extreme","display":"global_content.stamps.410.display"},{"stamp_id":402,"name":"global_content.stamps.402.name","is_member":false,"rank":3,"description":"global_content.stamps.402.description","rank_token":"hard","display":"global_content.stamps.402.display"},{"stamp_id":392,"name":"global_content.stamps.392.name","is_member":false,"rank":1,"description":"global_content.stamps.392.description","rank_token":"easy","display":"global_content.stamps.392.display"},{"stamp_id":394,"name":"global_content.stamps.394.name","is_member":false,"rank":1,"description":"global_content.stamps.394.description","rank_token":"easy","display":"global_content.stamps.394.display"},{"stamp_id":406,"name":"global_content.stamps.406.name","is_member":false,"rank":3,"description":"global_content.stamps.406.description","rank_token":"hard","display":"global_content.stamps.406.display"},{"stamp_id":408,"name":"global_content.stamps.408.name","is_member":false,"rank":4,"description":"global_content.stamps.408.description","rank_token":"extreme","display":"global_content.stamps.408.display"},{"stamp_id":398,"name":"global_content.stamps.398.name","is_member":false,"rank":2,"description":"global_content.stamps.398.description","rank_token":"medium","display":"global_content.stamps.398.display"}]},{"name":"global_content.stamp_groups.48.name","description":"global_content.stamp_groups.48.description","parent_group_id":8,"display":"global_content.stamp_groups.48.display","group_id":48,"stamps":[{"stamp_id":334,"name":"global_content.stamps.334.name","is_member":false,"rank":1,"description":"global_content.stamps.334.description","rank_token":"easy","display":"global_content.stamps.334.display"},{"stamp_id":340,"name":"global_content.stamps.340.name","is_member":false,"rank":2,"description":"global_content.stamps.340.description","rank_token":"medium","display":"global_content.stamps.340.display"},{"stamp_id":344,"name":"global_content.stamps.344.name","is_member":true,"rank":3,"description":"global_content.stamps.344.description","rank_token":"hard","display":"global_content.stamps.344.display"},{"stamp_id":342,"name":"global_content.stamps.342.name","is_member":true,"rank":3,"description":"global_content.stamps.342.description","rank_token":"hard","display":"global_content.stamps.342.display"},{"stamp_id":338,"name":"global_content.stamps.338.name","is_member":true,"rank":3,"description":"global_content.stamps.338.description","rank_token":"hard","display":"global_content.stamps.338.display"},{"stamp_id":336,"name":"global_content.stamps.336.name","is_member":false,"rank":2,"description":"global_content.stamps.336.description","rank_token":"medium","display":"global_content.stamps.336.display"},{"stamp_id":350,"name":"global_content.stamps.350.name","is_member":true,"rank":4,"description":"global_content.stamps.350.description","rank_token":"extreme","display":"global_content.stamps.350.display"},{"stamp_id":346,"name":"global_content.stamps.346.name","is_member":true,"rank":2,"description":"global_content.stamps.346.description","rank_token":"medium","display":"global_content.stamps.346.display"},{"stamp_id":348,"name":"global_content.stamps.348.name","is_member":true,"rank":3,"description":"global_content.stamps.348.description","rank_token":"hard","display":"global_content.stamps.348.display"},{"stamp_id":354,"name":"global_content.stamps.354.name","is_member":true,"rank":3,"description":"global_content.stamps.354.description","rank_token":"hard","display":"global_content.stamps.354.display"},{"stamp_id":356,"name":"global_content.stamps.356.name","is_member":true,"rank":4,"description":"global_content.stamps.356.description","rank_token":"extreme","display":"global_content.stamps.356.display"},{"stamp_id":352,"name":"global_content.stamps.352.name","is_member":true,"rank":2,"description":"global_content.stamps.352.description","rank_token":"medium","display":"global_content.stamps.352.display"}]},{"name":"global_content.stamp_groups.19.name","description":"global_content.stamp_groups.19.description","parent_group_id":8,"display":"global_content.stamp_groups.19.display","group_id":19,"stamps":[{"stamp_id":132,"name":"global_content.stamps.132.name","is_member":false,"rank":1,"description":"global_content.stamps.132.description","rank_token":"easy","display":"global_content.stamps.132.display"},{"stamp_id":155,"name":"global_content.stamps.155.name","is_member":true,"rank":1,"description":"global_content.stamps.155.description","rank_token":"easy","display":"global_content.stamps.155.display"},{"stamp_id":152,"name":"global_content.stamps.152.name","is_member":true,"rank":2,"description":"global_content.stamps.152.description","rank_token":"medium","display":"global_content.stamps.152.display"},{"stamp_id":133,"name":"global_content.stamps.133.name","is_member":false,"rank":2,"description":"global_content.stamps.133.description","rank_token":"medium","display":"global_content.stamps.133.display"},{"stamp_id":156,"name":"global_content.stamps.156.name","is_member":true,"rank":2,"description":"global_content.stamps.156.description","rank_token":"medium","display":"global_content.stamps.156.display"},{"stamp_id":153,"name":"global_content.stamps.153.name","is_member":true,"rank":3,"description":"global_content.stamps.153.description","rank_token":"hard","display":"global_content.stamps.153.display"},{"stamp_id":134,"name":"global_content.stamps.134.name","is_member":false,"rank":3,"description":"global_content.stamps.134.description","rank_token":"hard","display":"global_content.stamps.134.display"},{"stamp_id":157,"name":"global_content.stamps.157.name","is_member":true,"rank":3,"description":"global_content.stamps.157.description","rank_token":"hard","display":"global_content.stamps.157.display"},{"stamp_id":154,"name":"global_content.stamps.154.name","is_member":true,"rank":4,"description":"global_content.stamps.154.description","rank_token":"extreme","display":"global_content.stamps.154.display"},{"stamp_id":138,"name":"global_content.stamps.138.name","is_member":true,"rank":2,"description":"global_content.stamps.138.description","rank_token":"medium","display":"global_content.stamps.138.display"},{"stamp_id":140,"name":"global_content.stamps.140.name","is_member":true,"rank":3,"description":"global_content.stamps.140.description","rank_token":"hard","display":"global_content.stamps.140.display"},{"stamp_id":139,"name":"global_content.stamps.139.name","is_member":true,"rank":2,"description":"global_content.stamps.139.description","rank_token":"medium","display":"global_content.stamps.139.display"},{"stamp_id":148,"name":"global_content.stamps.148.name","is_member":true,"rank":2,"description":"global_content.stamps.148.description","rank_token":"medium","display":"global_content.stamps.148.display"},{"stamp_id":145,"name":"global_content.stamps.145.name","is_member":true,"rank":2,"description":"global_content.stamps.145.description","rank_token":"medium","display":"global_content.stamps.145.display"},{"stamp_id":144,"name":"global_content.stamps.144.name","is_member":true,"rank":3,"description":"global_content.stamps.144.description","rank_token":"hard","display":"global_content.stamps.144.display"},{"stamp_id":150,"name":"global_content.stamps.150.name","is_member":true,"rank":2,"description":"global_content.stamps.150.description","rank_token":"medium","display":"global_content.stamps.150.display"},{"stamp_id":147,"name":"global_content.stamps.147.name","is_member":true,"rank":4,"description":"global_content.stamps.147.description","rank_token":"extreme","display":"global_content.stamps.147.display"},{"stamp_id":151,"name":"global_content.stamps.151.name","is_member":true,"rank":3,"description":"global_content.stamps.151.description","rank_token":"hard","display":"global_content.stamps.151.display"},{"stamp_id":141,"name":"global_content.stamps.141.name","is_member":true,"rank":1,"description":"global_content.stamps.141.description","rank_token":"easy","display":"global_content.stamps.141.display"},{"stamp_id":149,"name":"global_content.stamps.149.name","is_member":true,"rank":1,"description":"global_content.stamps.149.description","rank_token":"easy","display":"global_content.stamps.149.display"},{"stamp_id":130,"name":"global_content.stamps.130.name","is_member":false,"rank":2,"description":"global_content.stamps.130.description","rank_token":"medium","display":"global_content.stamps.130.display"},{"stamp_id":131,"name":"global_content.stamps.131.name","is_member":false,"rank":3,"description":"global_content.stamps.131.description","rank_token":"hard","display":"global_content.stamps.131.display"},{"stamp_id":137,"name":"global_content.stamps.137.name","is_member":false,"rank":4,"description":"global_content.stamps.137.description","rank_token":"extreme","display":"global_content.stamps.137.display"},{"stamp_id":136,"name":"global_content.stamps.136.name","is_member":false,"rank":3,"description":"global_content.stamps.136.description","rank_token":"hard","display":"global_content.stamps.136.display"},{"stamp_id":135,"name":"global_content.stamps.135.name","is_member":false,"rank":2,"description":"global_content.stamps.135.description","rank_token":"medium","display":"global_content.stamps.135.display"},{"stamp_id":146,"name":"global_content.stamps.146.name","is_member":true,"rank":3,"description":"global_content.stamps.146.description","rank_token":"hard","display":"global_content.stamps.146.display"},{"stamp_id":142,"name":"global_content.stamps.142.name","is_member":true,"rank":2,"description":"global_content.stamps.142.description","rank_token":"medium","display":"global_content.stamps.142.display"}]},{"name":"global_content.stamp_groups.57.name","description":"global_content.stamp_groups.57.description","parent_group_id":8,"display":"global_content.stamp_groups.57.display","group_id":57,"stamps":[{"stamp_id":429,"name":"global_content.stamps.429.name","is_member":false,"rank":2,"description":"global_content.stamps.429.description","rank_token":"medium","display":"global_content.stamps.429.display"},{"stamp_id":427,"name":"global_content.stamps.427.name","is_member":false,"rank":1,"description":"global_content.stamps.427.description","rank_token":"easy","display":"global_content.stamps.427.display"},{"stamp_id":436,"name":"global_content.stamps.436.name","is_member":true,"rank":3,"description":"global_content.stamps.436.description","rank_token":"hard","display":"global_content.stamps.436.display"},{"stamp_id":434,"name":"global_content.stamps.434.name","is_member":true,"rank":2,"description":"global_content.stamps.434.description","rank_token":"medium","display":"global_content.stamps.434.display"},{"stamp_id":431,"name":"global_content.stamps.431.name","is_member":false,"rank":3,"description":"global_content.stamps.431.description","rank_token":"hard","display":"global_content.stamps.431.display"},{"stamp_id":437,"name":"global_content.stamps.437.name","is_member":true,"rank":3,"description":"global_content.stamps.437.description","rank_token":"hard","display":"global_content.stamps.437.display"},{"stamp_id":435,"name":"global_content.stamps.435.name","is_member":true,"rank":2,"description":"global_content.stamps.435.description","rank_token":"medium","display":"global_content.stamps.435.display"},{"stamp_id":432,"name":"global_content.stamps.432.name","is_member":false,"rank":1,"description":"global_content.stamps.432.description","rank_token":"easy","display":"global_content.stamps.432.display"},{"stamp_id":428,"name":"global_content.stamps.428.name","is_member":false,"rank":2,"description":"global_content.stamps.428.description","rank_token":"medium","display":"global_content.stamps.428.display"},{"stamp_id":433,"name":"global_content.stamps.433.name","is_member":false,"rank":1,"description":"global_content.stamps.433.description","rank_token":"easy","display":"global_content.stamps.433.display"},{"stamp_id":430,"name":"global_content.stamps.430.name","is_member":false,"rank":3,"description":"global_content.stamps.430.description","rank_token":"hard","display":"global_content.stamps.430.display"}]},{"name":"global_content.stamp_groups.58.name","description":"global_content.stamp_groups.58.description","parent_group_id":8,"display":"global_content.stamp_groups.58.display","group_id":58,"stamps":[{"stamp_id":453,"name":"global_content.stamps.453.name","is_member":false,"rank":1,"description":"global_content.stamps.453.description","rank_token":"easy","display":"global_content.stamps.453.display"},{"stamp_id":452,"name":"global_content.stamps.452.name","is_member":false,"rank":1,"description":"global_content.stamps.452.description","rank_token":"easy","display":"global_content.stamps.452.display"},{"stamp_id":457,"name":"global_content.stamps.457.name","is_member":false,"rank":2,"description":"global_content.stamps.457.description","rank_token":"medium","display":"global_content.stamps.457.display"},{"stamp_id":458,"name":"global_content.stamps.458.name","is_member":false,"rank":3,"description":"global_content.stamps.458.description","rank_token":"hard","display":"global_content.stamps.458.display"},{"stamp_id":456,"name":"global_content.stamps.456.name","is_member":false,"rank":2,"description":"global_content.stamps.456.description","rank_token":"medium","display":"global_content.stamps.456.display"},{"stamp_id":463,"name":"global_content.stamps.463.name","is_member":false,"rank":4,"description":"global_content.stamps.463.description","rank_token":"extreme","display":"global_content.stamps.463.display"},{"stamp_id":455,"name":"global_content.stamps.455.name","is_member":false,"rank":2,"description":"global_content.stamps.455.description","rank_token":"medium","display":"global_content.stamps.455.display"},{"stamp_id":450,"name":"global_content.stamps.450.name","is_member":false,"rank":1,"description":"global_content.stamps.450.description","rank_token":"easy","display":"global_content.stamps.450.display"},{"stamp_id":459,"name":"global_content.stamps.459.name","is_member":false,"rank":3,"description":"global_content.stamps.459.description","rank_token":"hard","display":"global_content.stamps.459.display"},{"stamp_id":451,"name":"global_content.stamps.451.name","is_member":false,"rank":1,"description":"global_content.stamps.451.description","rank_token":"easy","display":"global_content.stamps.451.display"},{"stamp_id":465,"name":"global_content.stamps.465.name","is_member":false,"rank":4,"description":"global_content.stamps.465.description","rank_token":"extreme","display":"global_content.stamps.465.display"},{"stamp_id":464,"name":"global_content.stamps.464.name","is_member":false,"rank":4,"description":"global_content.stamps.464.description","rank_token":"extreme","display":"global_content.stamps.464.display"},{"stamp_id":461,"name":"global_content.stamps.461.name","is_member":false,"rank":3,"description":"global_content.stamps.461.description","rank_token":"hard","display":"global_content.stamps.461.display"},{"stamp_id":460,"name":"global_content.stamps.460.name","is_member":false,"rank":3,"description":"global_content.stamps.460.description","rank_token":"hard","display":"global_content.stamps.460.display"},{"stamp_id":462,"name":"global_content.stamps.462.name","is_member":false,"rank":4,"description":"global_content.stamps.462.description","rank_token":"extreme","display":"global_content.stamps.462.display"},{"stamp_id":454,"name":"global_content.stamps.454.name","is_member":false,"rank":2,"description":"global_content.stamps.454.description","rank_token":"medium","display":"global_content.stamps.454.display"}]},{"name":"global_content.stamp_groups.46.name","description":"global_content.stamp_groups.46.description","parent_group_id":8,"display":"global_content.stamp_groups.46.display","group_id":46,"stamps":[{"stamp_id":320,"name":"global_content.stamps.320.name","is_member":false,"rank":1,"description":"global_content.stamps.320.description","rank_token":"easy","display":"global_content.stamps.320.display"},{"stamp_id":300,"name":"global_content.stamps.300.name","is_member":false,"rank":1,"description":"global_content.stamps.300.description","rank_token":"easy","display":"global_content.stamps.300.display"},{"stamp_id":322,"name":"global_content.stamps.322.name","is_member":false,"rank":2,"description":"global_content.stamps.322.description","rank_token":"medium","display":"global_content.stamps.322.display"},{"stamp_id":324,"name":"global_content.stamps.324.name","is_member":false,"rank":2,"description":"global_content.stamps.324.description","rank_token":"medium","display":"global_content.stamps.324.display"},{"stamp_id":308,"name":"global_content.stamps.308.name","is_member":false,"rank":2,"description":"global_content.stamps.308.description","rank_token":"medium","display":"global_content.stamps.308.display"},{"stamp_id":304,"name":"global_content.stamps.304.name","is_member":false,"rank":2,"description":"global_content.stamps.304.description","rank_token":"medium","display":"global_content.stamps.304.display"},{"stamp_id":328,"name":"global_content.stamps.328.name","is_member":true,"rank":3,"description":"global_content.stamps.328.description","rank_token":"hard","display":"global_content.stamps.328.display"},{"stamp_id":298,"name":"global_content.stamps.298.name","is_member":false,"rank":1,"description":"global_content.stamps.298.description","rank_token":"easy","display":"global_content.stamps.298.display"},{"stamp_id":310,"name":"global_content.stamps.310.name","is_member":false,"rank":3,"description":"global_content.stamps.310.description","rank_token":"hard","display":"global_content.stamps.310.display"},{"stamp_id":302,"name":"global_content.stamps.302.name","is_member":false,"rank":2,"description":"global_content.stamps.302.description","rank_token":"medium","display":"global_content.stamps.302.display"},{"stamp_id":312,"name":"global_content.stamps.312.name","is_member":false,"rank":3,"description":"global_content.stamps.312.description","rank_token":"hard","display":"global_content.stamps.312.display"},{"stamp_id":306,"name":"global_content.stamps.306.name","is_member":false,"rank":2,"description":"global_content.stamps.306.description","rank_token":"medium","display":"global_content.stamps.306.display"},{"stamp_id":326,"name":"global_content.stamps.326.name","is_member":true,"rank":3,"description":"global_content.stamps.326.description","rank_token":"hard","display":"global_content.stamps.326.display"},{"stamp_id":443,"name":"global_content.stamps.443.name","is_member":false,"rank":4,"description":"global_content.stamps.443.description","rank_token":"extreme","display":"global_content.stamps.443.display"}]},{"name":"global_content.stamp_groups.16.name","description":"global_content.stamp_groups.16.description","parent_group_id":8,"display":"global_content.stamp_groups.16.display","group_id":16,"stamps":[{"stamp_id":63,"name":"global_content.stamps.63.name","is_member":false,"rank":1,"description":"global_content.stamps.63.description","rank_token":"easy","display":"global_content.stamps.63.display"},{"stamp_id":67,"name":"global_content.stamps.67.name","is_member":true,"rank":3,"description":"global_content.stamps.67.description","rank_token":"hard","display":"global_content.stamps.67.display"},{"stamp_id":64,"name":"global_content.stamps.64.name","is_member":false,"rank":2,"description":"global_content.stamps.64.description","rank_token":"medium","display":"global_content.stamps.64.display"},{"stamp_id":65,"name":"global_content.stamps.65.name","is_member":false,"rank":2,"description":"global_content.stamps.65.description","rank_token":"medium","display":"global_content.stamps.65.display"},{"stamp_id":70,"name":"global_content.stamps.70.name","is_member":true,"rank":4,"description":"global_content.stamps.70.description","rank_token":"extreme","display":"global_content.stamps.70.display"},{"stamp_id":68,"name":"global_content.stamps.68.name","is_member":false,"rank":3,"description":"global_content.stamps.68.description","rank_token":"hard","display":"global_content.stamps.68.display"},{"stamp_id":71,"name":"global_content.stamps.71.name","is_member":true,"rank":4,"description":"global_content.stamps.71.description","rank_token":"extreme","display":"global_content.stamps.71.display"},{"stamp_id":69,"name":"global_content.stamps.69.name","is_member":true,"rank":3,"description":"global_content.stamps.69.description","rank_token":"hard","display":"global_content.stamps.69.display"},{"stamp_id":66,"name":"global_content.stamps.66.name","is_member":true,"rank":2,"description":"global_content.stamps.66.description","rank_token":"medium","display":"global_content.stamps.66.display"}]},{"name":"global_content.stamp_groups.56.name","description":"global_content.stamp_groups.56.description","parent_group_id":8,"display":"global_content.stamp_groups.56.display","group_id":56,"stamps":[{"stamp_id":416,"name":"global_content.stamps.416.name","is_member":false,"rank":2,"description":"global_content.stamps.416.description","rank_token":"medium","display":"global_content.stamps.416.display"},{"stamp_id":420,"name":"global_content.stamps.420.name","is_member":false,"rank":3,"description":"global_content.stamps.420.description","rank_token":"hard","display":"global_content.stamps.420.display"},{"stamp_id":422,"name":"global_content.stamps.422.name","is_member":false,"rank":4,"description":"global_content.stamps.422.description","rank_token":"extreme","display":"global_content.stamps.422.display"},{"stamp_id":414,"name":"global_content.stamps.414.name","is_member":false,"rank":2,"description":"global_content.stamps.414.description","rank_token":"medium","display":"global_content.stamps.414.display"},{"stamp_id":418,"name":"global_content.stamps.418.name","is_member":false,"rank":3,"description":"global_content.stamps.418.description","rank_token":"hard","display":"global_content.stamps.418.display"}]},{"name":"global_content.stamp_groups.25.name","description":"global_content.stamp_groups.25.description","parent_group_id":0,"display":"global_content.stamp_groups.25.display","group_id":25,"stamps":[]},{"name":"global_content.stamp_groups.26.name","description":"global_content.stamp_groups.26.description","parent_group_id":25,"display":"global_content.stamp_groups.26.display","group_id":26,"stamps":[{"stamp_id":125,"name":"global_content.stamps.125.name","is_member":false,"rank":3,"description":"global_content.stamps.125.description","rank_token":"hard","display":"global_content.stamps.125.display"},{"stamp_id":126,"name":"global_content.stamps.126.name","is_member":false,"rank":4,"description":"global_content.stamps.126.description","rank_token":"extreme","display":"global_content.stamps.126.display"},{"stamp_id":124,"name":"global_content.stamps.124.name","is_member":false,"rank":2,"description":"global_content.stamps.124.description","rank_token":"medium","display":"global_content.stamps.124.display"},{"stamp_id":116,"name":"global_content.stamps.116.name","is_member":false,"rank":1,"description":"global_content.stamps.116.description","rank_token":"easy","display":"global_content.stamps.116.display"},{"stamp_id":120,"name":"global_content.stamps.120.name","is_member":false,"rank":3,"description":"global_content.stamps.120.description","rank_token":"hard","display":"global_content.stamps.120.display"},{"stamp_id":119,"name":"global_content.stamps.119.name","is_member":false,"rank":2,"description":"global_content.stamps.119.description","rank_token":"medium","display":"global_content.stamps.119.display"},{"stamp_id":128,"name":"global_content.stamps.128.name","is_member":false,"rank":4,"description":"global_content.stamps.128.description","rank_token":"extreme","display":"global_content.stamps.128.display"},{"stamp_id":117,"name":"global_content.stamps.117.name","is_member":false,"rank":1,"description":"global_content.stamps.117.description","rank_token":"easy","display":"global_content.stamps.117.display"},{"stamp_id":123,"name":"global_content.stamps.123.name","is_member":false,"rank":2,"description":"global_content.stamps.123.description","rank_token":"medium","display":"global_content.stamps.123.display"},{"stamp_id":115,"name":"global_content.stamps.115.name","is_member":false,"rank":1,"description":"global_content.stamps.115.description","rank_token":"easy","display":"global_content.stamps.115.display"},{"stamp_id":121,"name":"global_content.stamps.121.name","is_member":false,"rank":1,"description":"global_content.stamps.121.description","rank_token":"easy","display":"global_content.stamps.121.display"},{"stamp_id":122,"name":"global_content.stamps.122.name","is_member":false,"rank":4,"description":"global_content.stamps.122.description","rank_token":"extreme","display":"global_content.stamps.122.display"},{"stamp_id":127,"name":"global_content.stamps.127.name","is_member":false,"rank":1,"description":"global_content.stamps.127.description","rank_token":"easy","display":"global_content.stamps.127.display"},{"stamp_id":118,"name":"global_content.stamps.118.name","is_member":false,"rank":1,"description":"global_content.stamps.118.description","rank_token":"easy","display":"global_content.stamps.118.display"}]}]