﻿{
	
	"boot": [
		{
			"id": "party",
			"title": "Party"
		},
		{
			"id": "airtower",
			"title": "Communication"
		},
		{
			"id": "sentry",
			"title": "Communication"
		}
	],
	
	"login": [
		{
			"id": "login",
			"title": "Login Screen"
		}
	],
	
	"join": [
		{
			"id": "engine",
			"title": "Engine"
		},
		{
			"id": "interface",
			"title": "Interface"
		},
		{
			"id": "gridview",
			"title": "Gridview"
		},
		{
			"id": "mail",
			"title": "Mail"
		},
		{
			"id": "book",
			"title": "Mail"
		},
		{
			"id": "stampbook",
			"title": "StampBook"
		},
		{
			"id": "rooms_common",
			"title": "Rooms Common"
		},
		{
			"id": "dassets",
			"title": "Dote's Assets"
		},
		{
			"id": "Friends",
			"title": "Dote's HTML5 friends list"
		},
		{
			"id": "tracer",
			"title": "test tracer"
		}
	],
	
	"merch": [
		{
			"id": "app",
			"folder": "merch/",
			"title": "Communication"
		}
	]
	
}

